TUMOURICDSITE3CODE,OPCSRESECTIONCODE
C01,E191
C01,E192
C01,E214
C01,E231
C01,E242
C01,E291
C01,E292
C01,E293
C01,E294
C01,E295
C01,E296
C01,E299
C01,E301
C01,E341
C01,E342
C01,E343
C01,E352
C01,E414
C01,F011
C01,F018
C01,F021
C01,F042
C01,F202
C01,F221
C01,F222
C01,F231
C01,F281
C01,F301
C01,F303
C01,F304
C01,F305
C01,F324
C01,F328
C01,F349
C01,F381
C01,F382
C01,F391
C01,F392
C01,F441
C01,F442
C01,F443
C01,F444
C01,F451
C01,G021
C01,G032
C01,S171
C01,S208
C01,S248
C01,S288
C01,S353
C01,T851
C01,V061
C01,V068
C01,V069
C01,V141
C01,V142
C01,V143
C01,V144
C01,V149
C01,V168
C01,V191
C01,Y051
C01,Y592
C01,Y598
C01,Y612
C01,Y631
C01,Y638
C01,Y662
C02,E191
C02,E192
C02,E214
C02,E231
C02,E242
C02,E291
C02,E292
C02,E293
C02,E294
C02,E295
C02,E296
C02,E299
C02,E301
C02,E341
C02,E342
C02,E343
C02,E352
C02,E414
C02,F011
C02,F018
C02,F021
C02,F042
C02,F202
C02,F221
C02,F222
C02,F231
C02,F281
C02,F301
C02,F303
C02,F304
C02,F305
C02,F324
C02,F328
C02,F349
C02,F381
C02,F382
C02,F391
C02,F392
C02,F441
C02,F442
C02,F443
C02,F444
C02,F451
C02,G021
C02,G032
C02,S171
C02,S208
C02,S248
C02,S288
C02,S353
C02,T851
C02,V061
C02,V068
C02,V069
C02,V141
C02,V142
C02,V143
C02,V144
C02,V149
C02,V168
C02,V191
C02,Y051
C02,Y592
C02,Y598
C02,Y612
C02,Y631
C02,Y638
C02,Y662
C03,E191
C03,E192
C03,E214
C03,E231
C03,E242
C03,E291
C03,E292
C03,E293
C03,E294
C03,E295
C03,E296
C03,E299
C03,E301
C03,E341
C03,E342
C03,E343
C03,E352
C03,E414
C03,F011
C03,F018
C03,F021
C03,F042
C03,F202
C03,F221
C03,F222
C03,F231
C03,F281
C03,F301
C03,F303
C03,F304
C03,F305
C03,F324
C03,F328
C03,F349
C03,F381
C03,F382
C03,F391
C03,F392
C03,F441
C03,F442
C03,F443
C03,F444
C03,F451
C03,G021
C03,G032
C03,S171
C03,S208
C03,S248
C03,S288
C03,S353
C03,T851
C03,V061
C03,V068
C03,V069
C03,V141
C03,V142
C03,V143
C03,V144
C03,V149
C03,V168
C03,V191
C03,Y051
C03,Y592
C03,Y598
C03,Y612
C03,Y631
C03,Y638
C03,Y662
C04,E191
C04,E192
C04,E214
C04,E231
C04,E242
C04,E291
C04,E292
C04,E293
C04,E294
C04,E295
C04,E296
C04,E299
C04,E301
C04,E341
C04,E342
C04,E343
C04,E352
C04,E414
C04,F011
C04,F018
C04,F021
C04,F042
C04,F202
C04,F221
C04,F222
C04,F231
C04,F281
C04,F301
C04,F303
C04,F304
C04,F305
C04,F324
C04,F328
C04,F349
C04,F381
C04,F382
C04,F391
C04,F392
C04,F441
C04,F442
C04,F443
C04,F444
C04,F451
C04,G021
C04,G032
C04,S171
C04,S208
C04,S248
C04,S288
C04,S353
C04,T851
C04,V061
C04,V068
C04,V069
C04,V141
C04,V142
C04,V143
C04,V144
C04,V149
C04,V168
C04,V191
C04,Y051
C04,Y592
C04,Y598
C04,Y612
C04,Y631
C04,Y638
C04,Y662
C05,E191
C05,E192
C05,E214
C05,E231
C05,E242
C05,E291
C05,E292
C05,E293
C05,E294
C05,E295
C05,E296
C05,E299
C05,E301
C05,E341
C05,E342
C05,E343
C05,E352
C05,E414
C05,F011
C05,F018
C05,F021
C05,F042
C05,F202
C05,F221
C05,F222
C05,F231
C05,F281
C05,F301
C05,F303
C05,F304
C05,F305
C05,F324
C05,F328
C05,F349
C05,F381
C05,F382
C05,F391
C05,F392
C05,F441
C05,F442
C05,F443
C05,F444
C05,F451
C05,G021
C05,G032
C05,S171
C05,S208
C05,S248
C05,S288
C05,S353
C05,T851
C05,V061
C05,V068
C05,V069
C05,V141
C05,V142
C05,V143
C05,V144
C05,V149
C05,V168
C05,V191
C05,Y051
C05,Y592
C05,Y598
C05,Y612
C05,Y631
C05,Y638
C05,Y662
C06,E191
C06,E192
C06,E214
C06,E231
C06,E242
C06,E291
C06,E292
C06,E293
C06,E294
C06,E295
C06,E296
C06,E299
C06,E301
C06,E341
C06,E342
C06,E343
C06,E352
C06,E414
C06,F011
C06,F018
C06,F021
C06,F042
C06,F202
C06,F221
C06,F222
C06,F231
C06,F281
C06,F301
C06,F303
C06,F304
C06,F305
C06,F324
C06,F328
C06,F349
C06,F381
C06,F382
C06,F391
C06,F392
C06,F441
C06,F442
C06,F443
C06,F444
C06,F451
C06,G021
C06,G032
C06,S171
C06,S208
C06,S248
C06,S288
C06,S353
C06,T851
C06,V061
C06,V068
C06,V069
C06,V141
C06,V142
C06,V143
C06,V144
C06,V149
C06,V168
C06,V191
C06,Y051
C06,Y592
C06,Y598
C06,Y612
C06,Y631
C06,Y638
C06,Y662
C07,E191
C07,E192
C07,E214
C07,E231
C07,E242
C07,E291
C07,E292
C07,E293
C07,E294
C07,E295
C07,E296
C07,E299
C07,E301
C07,E341
C07,E342
C07,E343
C07,E352
C07,E414
C07,F011
C07,F018
C07,F021
C07,F042
C07,F202
C07,F221
C07,F222
C07,F231
C07,F281
C07,F301
C07,F303
C07,F304
C07,F305
C07,F324
C07,F328
C07,F349
C07,F381
C07,F382
C07,F391
C07,F392
C07,F441
C07,F442
C07,F443
C07,F444
C07,F451
C07,G021
C07,G032
C07,S171
C07,S208
C07,S248
C07,S288
C07,S353
C07,T851
C07,V061
C07,V068
C07,V069
C07,V141
C07,V142
C07,V143
C07,V144
C07,V149
C07,V168
C07,V191
C07,Y051
C07,Y592
C07,Y598
C07,Y612
C07,Y631
C07,Y638
C07,Y662
C08,E191
C08,E192
C08,E214
C08,E231
C08,E242
C08,E291
C08,E292
C08,E293
C08,E294
C08,E295
C08,E296
C08,E299
C08,E301
C08,E341
C08,E342
C08,E343
C08,E352
C08,E414
C08,F011
C08,F018
C08,F021
C08,F042
C08,F202
C08,F221
C08,F222
C08,F231
C08,F281
C08,F301
C08,F303
C08,F304
C08,F305
C08,F324
C08,F328
C08,F349
C08,F381
C08,F382
C08,F391
C08,F392
C08,F441
C08,F442
C08,F443
C08,F444
C08,F451
C08,G021
C08,G032
C08,S171
C08,S208
C08,S248
C08,S288
C08,S353
C08,T851
C08,V061
C08,V068
C08,V069
C08,V141
C08,V142
C08,V143
C08,V144
C08,V149
C08,V168
C08,V191
C08,Y051
C08,Y592
C08,Y598
C08,Y612
C08,Y631
C08,Y638
C08,Y662
C09,E191
C09,E192
C09,E214
C09,E231
C09,E242
C09,E291
C09,E292
C09,E293
C09,E294
C09,E295
C09,E296
C09,E299
C09,E301
C09,E341
C09,E342
C09,E343
C09,E352
C09,E414
C09,F011
C09,F018
C09,F021
C09,F042
C09,F202
C09,F221
C09,F222
C09,F231
C09,F281
C09,F301
C09,F303
C09,F304
C09,F305
C09,F324
C09,F328
C09,F341
C09,F349
C09,F381
C09,F382
C09,F391
C09,F392
C09,F441
C09,F442
C09,F443
C09,F444
C09,F451
C09,G021
C09,G032
C09,S171
C09,S208
C09,S248
C09,S288
C09,S353
C09,T851
C09,V061
C09,V068
C09,V069
C09,V141
C09,V142
C09,V143
C09,V144
C09,V149
C09,V168
C09,V191
C09,Y051
C09,Y592
C09,Y598
C09,Y612
C09,Y631
C09,Y638
C09,Y662
C10,E191
C10,E192
C10,E214
C10,E231
C10,E242
C10,E291
C10,E292
C10,E293
C10,E294
C10,E295
C10,E296
C10,E299
C10,E301
C10,E341
C10,E342
C10,E343
C10,E352
C10,E414
C10,F011
C10,F018
C10,F021
C10,F042
C10,F202
C10,F221
C10,F222
C10,F231
C10,F281
C10,F301
C10,F303
C10,F304
C10,F305
C10,F324
C10,F328
C10,F349
C10,F381
C10,F382
C10,F391
C10,F392
C10,F441
C10,F442
C10,F443
C10,F444
C10,F451
C10,G021
C10,G032
C10,S171
C10,S208
C10,S248
C10,S288
C10,S353
C10,T851
C10,V061
C10,V068
C10,V069
C10,V141
C10,V142
C10,V143
C10,V144
C10,V149
C10,V168
C10,V191
C10,Y051
C10,Y592
C10,Y598
C10,Y612
C10,Y631
C10,Y638
C10,Y662
C11,E191
C11,E192
C11,E214
C11,E231
C11,E242
C11,E291
C11,E292
C11,E293
C11,E294
C11,E295
C11,E296
C11,E299
C11,E301
C11,E341
C11,E342
C11,E343
C11,E352
C11,E414
C11,F011
C11,F018
C11,F021
C11,F042
C11,F202
C11,F221
C11,F222
C11,F231
C11,F281
C11,F301
C11,F303
C11,F304
C11,F305
C11,F324
C11,F328
C11,F349
C11,F381
C11,F382
C11,F391
C11,F392
C11,F441
C11,F442
C11,F443
C11,F444
C11,F451
C11,G021
C11,G032
C11,S171
C11,S208
C11,S248
C11,S288
C11,S353
C11,T851
C11,V061
C11,V068
C11,V069
C11,V141
C11,V142
C11,V143
C11,V144
C11,V149
C11,V168
C11,V191
C11,Y051
C11,Y592
C11,Y598
C11,Y612
C11,Y631
C11,Y638
C11,Y662
C12,E191
C12,E192
C12,E214
C12,E231
C12,E242
C12,E291
C12,E292
C12,E293
C12,E294
C12,E295
C12,E296
C12,E299
C12,E301
C12,E341
C12,E342
C12,E343
C12,E352
C12,E414
C12,F011
C12,F018
C12,F021
C12,F042
C12,F202
C12,F221
C12,F222
C12,F231
C12,F281
C12,F301
C12,F303
C12,F304
C12,F305
C12,F324
C12,F328
C12,F349
C12,F381
C12,F382
C12,F391
C12,F392
C12,F441
C12,F442
C12,F443
C12,F444
C12,F451
C12,G021
C12,G032
C12,S171
C12,S208
C12,S248
C12,S288
C12,S353
C12,T851
C12,V061
C12,V068
C12,V069
C12,V141
C12,V142
C12,V143
C12,V144
C12,V149
C12,V168
C12,V191
C12,Y051
C12,Y592
C12,Y598
C12,Y612
C12,Y631
C12,Y638
C12,Y662
C13,E191
C13,E192
C13,E214
C13,E231
C13,E242
C13,E291
C13,E292
C13,E293
C13,E294
C13,E295
C13,E296
C13,E299
C13,E301
C13,E341
C13,E342
C13,E343
C13,E352
C13,E414
C13,F011
C13,F018
C13,F021
C13,F042
C13,F202
C13,F221
C13,F222
C13,F231
C13,F281
C13,F301
C13,F303
C13,F304
C13,F305
C13,F324
C13,F328
C13,F349
C13,F381
C13,F382
C13,F391
C13,F392
C13,F441
C13,F442
C13,F443
C13,F444
C13,F451
C13,G021
C13,G032
C13,S171
C13,S208
C13,S248
C13,S288
C13,S353
C13,T851
C13,V061
C13,V068
C13,V069
C13,V141
C13,V142
C13,V143
C13,V144
C13,V149
C13,V168
C13,V191
C13,Y051
C13,Y592
C13,Y598
C13,Y612
C13,Y631
C13,Y638
C13,Y662
C14,E191
C14,E192
C14,E214
C14,E231
C14,E242
C14,E291
C14,E292
C14,E293
C14,E294
C14,E295
C14,E296
C14,E299
C14,E301
C14,E341
C14,E342
C14,E343
C14,E352
C14,E414
C14,F011
C14,F018
C14,F021
C14,F042
C14,F202
C14,F221
C14,F222
C14,F231
C14,F281
C14,F301
C14,F303
C14,F304
C14,F305
C14,F324
C14,F328
C14,F349
C14,F381
C14,F382
C14,F391
C14,F392
C14,F441
C14,F442
C14,F443
C14,F444
C14,F451
C14,G021
C14,G032
C14,S171
C14,S208
C14,S248
C14,S288
C14,S353
C14,T851
C14,V061
C14,V068
C14,V069
C14,V141
C14,V142
C14,V143
C14,V144
C14,V149
C14,V168
C14,V191
C14,Y051
C14,Y592
C14,Y598
C14,Y612
C14,Y631
C14,Y638
C14,Y662
C15,G011
C15,G013
C15,G018
C15,G019
C15,G021
C15,G022
C15,G023
C15,G024
C15,G025
C15,G028
C15,G029
C15,G031
C15,G032
C15,G033
C15,G034
C15,G035
C15,G036
C15,G038
C15,G039
C15,G271
C15,G274
C15,G275
C15,G279
C16,G011
C16,G012
C16,G013
C16,G039
C16,G271
C16,G272
C16,G273
C16,G274
C16,G275
C16,G278
C16,G279
C16,G281
C16,G282
C16,G283
C16,G288
C16,G289
C18,H041
C18,H042
C18,H043
C18,H048
C18,H049
C18,H051
C18,H052
C18,H053
C18,H058
C18,H059
C18,H061
C18,H062
C18,H063
C18,H064
C18,H065
C18,H068
C18,H069
C18,H071
C18,H072
C18,H073
C18,H074
C18,H075
C18,H078
C18,H079
C18,H081
C18,H082
C18,H083
C18,H084
C18,H085
C18,H088
C18,H089
C18,H091
C18,H092
C18,H093
C18,H094
C18,H095
C18,H098
C18,H099
C18,H101
C18,H102
C18,H103
C18,H104
C18,H105
C18,H106
C18,H108
C18,H109
C18,H111
C18,H112
C18,H113
C18,H114
C18,H115
C18,H118
C18,H119
C18,H291
C18,H292
C18,H293
C18,H294
C18,H298
C18,H299
C18,H322
C18,H331
C18,H332
C18,H333
C18,H334
C18,H335
C18,H336
C18,H337
C18,H338
C18,H339
C18,H404
C18,H408
C18,H409
C18,X141
C18,X142
C18,X143
C18,X148
C18,X149
C19,H041
C19,H042
C19,H043
C19,H048
C19,H049
C19,H051
C19,H052
C19,H053
C19,H058
C19,H059
C19,H061
C19,H062
C19,H063
C19,H064
C19,H065
C19,H068
C19,H069
C19,H071
C19,H072
C19,H073
C19,H074
C19,H075
C19,H078
C19,H079
C19,H081
C19,H082
C19,H083
C19,H084
C19,H085
C19,H088
C19,H089
C19,H091
C19,H092
C19,H093
C19,H094
C19,H095
C19,H098
C19,H099
C19,H101
C19,H102
C19,H103
C19,H104
C19,H105
C19,H106
C19,H108
C19,H109
C19,H111
C19,H112
C19,H113
C19,H114
C19,H115
C19,H118
C19,H119
C19,H291
C19,H292
C19,H293
C19,H294
C19,H298
C19,H299
C19,H322
C19,H331
C19,H332
C19,H333
C19,H334
C19,H335
C19,H336
C19,H337
C19,H338
C19,H339
C19,H404
C19,H408
C19,H409
C19,X141
C19,X142
C19,X143
C19,X148
C19,X149
C20,H041
C20,H042
C20,H043
C20,H048
C20,H049
C20,H051
C20,H052
C20,H053
C20,H058
C20,H059
C20,H061
C20,H062
C20,H063
C20,H064
C20,H065
C20,H068
C20,H069
C20,H071
C20,H072
C20,H073
C20,H074
C20,H075
C20,H078
C20,H079
C20,H081
C20,H082
C20,H083
C20,H084
C20,H085
C20,H088
C20,H089
C20,H091
C20,H092
C20,H093
C20,H094
C20,H095
C20,H098
C20,H099
C20,H101
C20,H102
C20,H103
C20,H104
C20,H105
C20,H106
C20,H108
C20,H109
C20,H111
C20,H112
C20,H113
C20,H114
C20,H115
C20,H118
C20,H119
C20,H291
C20,H292
C20,H293
C20,H294
C20,H298
C20,H299
C20,H322
C20,H331
C20,H332
C20,H333
C20,H334
C20,H335
C20,H336
C20,H337
C20,H338
C20,H339
C20,H404
C20,H408
C20,H409
C20,X141
C20,X142
C20,X143
C20,X148
C20,X149
C22,J011
C22,J015
C22,J019
C22,J021
C22,J022
C22,J023
C22,J024
C22,J026
C22,J027
C22,J028
C22,J029
C22,J031
C22,J053
C22,J101
C25,J551
C25,J552
C25,J558
C25,J559
C25,J561
C25,J562
C25,J563
C25,J568
C25,J569
C25,J571
C25,J573
C25,J574
C25,J575
C25,J578
C25,J579
C25,J582
C30,E191
C30,E192
C30,E214
C30,E231
C30,E242
C30,E291
C30,E292
C30,E293
C30,E294
C30,E295
C30,E296
C30,E299
C30,E301
C30,E341
C30,E342
C30,E343
C30,E352
C30,E414
C30,F011
C30,F018
C30,F021
C30,F042
C30,F202
C30,F221
C30,F222
C30,F231
C30,F281
C30,F301
C30,F303
C30,F304
C30,F305
C30,F324
C30,F328
C30,F349
C30,F381
C30,F382
C30,F391
C30,F392
C30,F441
C30,F442
C30,F443
C30,F444
C30,F451
C30,G021
C30,G032
C30,S171
C30,S208
C30,S248
C30,S288
C30,S353
C30,T851
C30,V061
C30,V068
C30,V069
C30,V141
C30,V142
C30,V143
C30,V144
C30,V149
C30,V168
C30,V191
C30,Y051
C30,Y592
C30,Y598
C30,Y612
C30,Y631
C30,Y638
C30,Y662
C31,E191
C31,E192
C31,E214
C31,E231
C31,E242
C31,E291
C31,E292
C31,E293
C31,E294
C31,E295
C31,E296
C31,E299
C31,E301
C31,E341
C31,E342
C31,E343
C31,E352
C31,E414
C31,F011
C31,F018
C31,F021
C31,F042
C31,F202
C31,F221
C31,F222
C31,F231
C31,F281
C31,F301
C31,F303
C31,F304
C31,F305
C31,F324
C31,F328
C31,F349
C31,F381
C31,F382
C31,F391
C31,F392
C31,F441
C31,F442
C31,F443
C31,F444
C31,F451
C31,G021
C31,G032
C31,S171
C31,S208
C31,S248
C31,S288
C31,S353
C31,T851
C31,V061
C31,V068
C31,V069
C31,V141
C31,V142
C31,V143
C31,V144
C31,V149
C31,V168
C31,V191
C31,Y051
C31,Y592
C31,Y598
C31,Y612
C31,Y631
C31,Y638
C31,Y662
C32,E191
C32,E192
C32,E214
C32,E231
C32,E242
C32,E291
C32,E292
C32,E293
C32,E294
C32,E295
C32,E296
C32,E299
C32,E301
C32,E341
C32,E342
C32,E343
C32,E352
C32,E414
C32,F011
C32,F018
C32,F021
C32,F042
C32,F202
C32,F221
C32,F222
C32,F231
C32,F281
C32,F301
C32,F303
C32,F304
C32,F305
C32,F324
C32,F328
C32,F349
C32,F381
C32,F382
C32,F391
C32,F392
C32,F441
C32,F442
C32,F443
C32,F444
C32,F451
C32,G021
C32,G032
C32,S171
C32,S208
C32,S248
C32,S288
C32,S353
C32,T851
C32,V061
C32,V068
C32,V069
C32,V141
C32,V142
C32,V143
C32,V144
C32,V149
C32,V168
C32,V191
C32,Y051
C32,Y592
C32,Y598
C32,Y612
C32,Y631
C32,Y638
C32,Y662
C33,E391
C33,E398
C33,E399
C33,E438
C33,E441
C33,E461
C33,E463
C33,E468
C33,E541
C33,E542
C33,E543
C33,E544
C33,E545
C33,E548
C33,E549
C33,E552
C33,E554
C33,E558
C33,E559
C33,T011
C33,T012
C33,T013
C33,T018
C33,T019
C33,T023
C34,E391
C34,E398
C34,E399
C34,E438
C34,E441
C34,E461
C34,E463
C34,E468
C34,E541
C34,E542
C34,E543
C34,E544
C34,E545
C34,E548
C34,E549
C34,E552
C34,E554
C34,E558
C34,E559
C34,T011
C34,T012
C34,T013
C34,T018
C34,T019
C34,T023
C48OVARY,H331
C48OVARY,H332
C48OVARY,H333
C48OVARY,H334
C48OVARY,H335
C48OVARY,H336
C48OVARY,H337
C48OVARY,H338
C48OVARY,H339
C48OVARY,Q071
C48OVARY,Q072
C48OVARY,Q073
C48OVARY,Q074
C48OVARY,Q075
C48OVARY,Q078
C48OVARY,Q079
C48OVARY,Q081
C48OVARY,Q082
C48OVARY,Q083
C48OVARY,Q088
C48OVARY,Q089
C48OVARY,Q221
C48OVARY,Q223
C48OVARY,Q231
C48OVARY,Q232
C48OVARY,Q235
C48OVARY,Q236
C48OVARY,Q241
C48OVARY,Q243
C48OVARY,Q438
C48OVARY,Q439
C48OVARY,Q473
C48OVARY,Q478
C48OVARY,Q491
C48OVARY,T331
C48OVARY,T332
C48OVARY,T338
C48OVARY,T339
C48OVARY,T361
C48OVARY,T362
C48OVARY,X141
C48OVARY,X142
C48OVARY,X143
C48OVARY,X148
C48OVARY,X149
C50,B271
C50,B272
C50,B273
C50,B274
C50,B275
C50,B276
C50,B278
C50,B279
C50,B281
C50,B282
C50,B283
C50,B284
C50,B285
C50,B286
C50,B287
C50,B288
C50,B289
C50,B341
C50,B342
C50,B343
C50,B352
C50,B353
C50,B374
C50,B401
C50,B408
C50,B409
C52,P171
C52,P172
C52,P178
C52,P179
C52,P201
C52,Q071
C53,P172
C53,Q011
C53,Q013
C53,Q018
C53,Q071
C53,Q072
C53,Q073
C53,Q074
C53,Q078
C53,Q079
C53,Q081
C53,Q082
C53,Q083
C53,Q088
C53,Q089
C53,X141
C53,X142
C53,X143
C53,X148
C53,X149
C54,Q071
C54,Q072
C54,Q073
C54,Q074
C54,Q075
C54,Q078
C54,Q079
C54,Q081
C54,Q082
C54,Q083
C54,Q088
C54,Q089
C54,Q093
C54,Q161
C54,Q221
C54,Q222
C54,Q223
C54,Q228
C54,Q229
C54,Q231
C54,Q232
C54,Q235
C54,Q236
C54,Q238
C54,Q239
C54,Q521
C54,X141
C54,X142
C54,X143
C54,X148
C54,X149
C55,Q071
C55,Q072
C55,Q073
C55,Q074
C55,Q075
C55,Q078
C55,Q079
C55,Q081
C55,Q082
C55,Q083
C55,Q088
C55,Q089
C55,Q093
C55,Q161
C55,Q221
C55,Q222
C55,Q223
C55,Q228
C55,Q229
C55,Q231
C55,Q232
C55,Q235
C55,Q236
C55,Q238
C55,Q239
C55,Q521
C55,X141
C55,X142
C55,X143
C55,X148
C55,X149
C56,H331
C56,H332
C56,H333
C56,H334
C56,H335
C56,H336
C56,H337
C56,H338
C56,H339
C56,Q071
C56,Q072
C56,Q073
C56,Q074
C56,Q075
C56,Q078
C56,Q079
C56,Q081
C56,Q082
C56,Q083
C56,Q088
C56,Q089
C56,Q221
C56,Q223
C56,Q231
C56,Q232
C56,Q235
C56,Q236
C56,Q241
C56,Q243
C56,Q438
C56,Q439
C56,Q473
C56,Q478
C56,Q491
C56,T331
C56,T332
C56,T338
C56,T339
C56,T361
C56,T362
C56,X141
C56,X142
C56,X143
C56,X148
C56,X149
C57,H331
C57,H332
C57,H333
C57,H334
C57,H335
C57,H336
C57,H337
C57,H338
C57,H339
C57,Q071
C57,Q072
C57,Q073
C57,Q074
C57,Q075
C57,Q078
C57,Q079
C57,Q081
C57,Q082
C57,Q083
C57,Q088
C57,Q089
C57,Q221
C57,Q223
C57,Q231
C57,Q232
C57,Q235
C57,Q236
C57,Q241
C57,Q243
C57,Q438
C57,Q439
C57,Q473
C57,Q478
C57,Q491
C57,T331
C57,T332
C57,T338
C57,T339
C57,T361
C57,T362
C57,X141
C57,X142
C57,X143
C57,X148
C57,X149
C61,M341
C61,M611
C61,M614
C61,M618
C61,M619
C61,M671
C61,M711
C61,X141
C62,N051
C62,N052
C62,N053
C62,N061
C62,N063
C62,N066
C62,N068
C62,N069
C62,N071
C62,N072
C62,N078
C62,N079
C62,N201
C62,X163
C62,X164
C62,X165
C62,X166
C64,M021
C64,M022
C64,M023
C64,M024
C64,M025
C64,M028
C64,M029
C64,M038
C64,M039
C64,M042
C64,M043
C64,M104
C64,M137
C64,M181
C64,M182
C64,M183
C64,M252
C64,Y112
C65,M021
C65,M022
C65,M023
C65,M024
C65,M025
C65,M028
C65,M029
C65,M038
C65,M039
C65,M042
C65,M104
C65,M137
C65,M181
C65,M182
C65,M183
C65,M252
C65,M291
C65,Y112
C66,M021
C66,M022
C66,M023
C66,M024
C66,M025
C66,M028
C66,M029
C66,M038
C66,M039
C66,M042
C66,M104
C66,M137
C66,M181
C66,M182
C66,M183
C66,M252
C66,M291
C66,Y112
C67,M341
C67,M342
C67,M343
C67,M344
C67,M348
C67,M349
C67,M359
C67,X142
C68,M021
C68,M022
C68,M023
C68,M024
C68,M025
C68,M028
C68,M029
C68,M038
C68,M039
C68,M042
C68,M104
C68,M137
C68,M181
C68,M182
C68,M183
C68,M252
C68,Y112
C70,A011
C70,A012
C70,A013
C70,A018
C70,A019
C70,A021
C70,A022
C70,A023
C70,A024
C70,A025
C70,A026
C70,A028
C70,A029
C70,A068
C70,A069
C70,A171
C70,A291
C70,A292
C70,A293
C70,A294
C70,A295
C70,A296
C70,A297
C70,A298
C70,A299
C70,A381
C70,A382
C70,A383
C70,A384
C70,A385
C70,A386
C70,A388
C70,A389
C70,A431
C70,A432
C70,A438
C70,A439
C70,A441
C70,A442
C70,A443
C70,A444
C70,A445
C70,A448
C70,A449
C70,A511
C70,A571
C70,A598
C70,A611
C70,B012
C70,B013
C70,B014
C70,B018
C70,B019
C70,B041
C70,B061
C70,B068
C70,C021
C70,V051
C70,V074
C70,V291
C70,V312
C70,V318
C70,V319
C70,V331
C70,V339
C70,V351
C70,V431
C70,V432
C70,V433
C70,V438
C70,V439
C71,A011
C71,A012
C71,A013
C71,A018
C71,A019
C71,A021
C71,A022
C71,A023
C71,A024
C71,A025
C71,A026
C71,A028
C71,A029
C71,A068
C71,A069
C71,A171
C71,A291
C71,A292
C71,A293
C71,A294
C71,A295
C71,A296
C71,A297
C71,A298
C71,A299
C71,A381
C71,A382
C71,A383
C71,A384
C71,A385
C71,A386
C71,A388
C71,A389
C71,A431
C71,A432
C71,A438
C71,A439
C71,A441
C71,A442
C71,A443
C71,A444
C71,A445
C71,A448
C71,A449
C71,A511
C71,A571
C71,A598
C71,A611
C71,B012
C71,B013
C71,B014
C71,B018
C71,B019
C71,B041
C71,B061
C71,B068
C71,C021
C71,V051
C71,V074
C71,V291
C71,V312
C71,V318
C71,V319
C71,V331
C71,V339
C71,V351
C71,V431
C71,V432
C71,V433
C71,V438
C71,V439
C72,A011
C72,A012
C72,A013
C72,A018
C72,A019
C72,A021
C72,A022
C72,A023
C72,A024
C72,A025
C72,A026
C72,A028
C72,A029
C72,A068
C72,A069
C72,A171
C72,A291
C72,A292
C72,A293
C72,A294
C72,A295
C72,A296
C72,A297
C72,A298
C72,A299
C72,A381
C72,A382
C72,A383
C72,A384
C72,A385
C72,A386
C72,A388
C72,A389
C72,A431
C72,A432
C72,A438
C72,A439
C72,A441
C72,A442
C72,A443
C72,A444
C72,A445
C72,A448
C72,A449
C72,A511
C72,A571
C72,A598
C72,A611
C72,B012
C72,B013
C72,B014
C72,B018
C72,B019
C72,B041
C72,B061
C72,B068
C72,C021
C72,V051
C72,V074
C72,V291
C72,V312
C72,V318
C72,V319
C72,V331
C72,V339
C72,V351
C72,V431
C72,V432
C72,V433
C72,V438
C72,V439
C75BRAIN,A011
C75BRAIN,A012
C75BRAIN,A013
C75BRAIN,A018
C75BRAIN,A019
C75BRAIN,A021
C75BRAIN,A022
C75BRAIN,A023
C75BRAIN,A024
C75BRAIN,A025
C75BRAIN,A026
C75BRAIN,A028
C75BRAIN,A029
C75BRAIN,A068
C75BRAIN,A069
C75BRAIN,A171
C75BRAIN,A291
C75BRAIN,A292
C75BRAIN,A293
C75BRAIN,A294
C75BRAIN,A295
C75BRAIN,A296
C75BRAIN,A297
C75BRAIN,A298
C75BRAIN,A299
C75BRAIN,A381
C75BRAIN,A382
C75BRAIN,A383
C75BRAIN,A384
C75BRAIN,A385
C75BRAIN,A386
C75BRAIN,A388
C75BRAIN,A389
C75BRAIN,A431
C75BRAIN,A432
C75BRAIN,A438
C75BRAIN,A439
C75BRAIN,A441
C75BRAIN,A442
C75BRAIN,A443
C75BRAIN,A444
C75BRAIN,A445
C75BRAIN,A448
C75BRAIN,A449
C75BRAIN,A511
C75BRAIN,A571
C75BRAIN,A598
C75BRAIN,A611
C75BRAIN,B012
C75BRAIN,B013
C75BRAIN,B014
C75BRAIN,B018
C75BRAIN,B019
C75BRAIN,B041
C75BRAIN,B061
C75BRAIN,B068
C75BRAIN,C021
C75BRAIN,V051
C75BRAIN,V074
C75BRAIN,V291
C75BRAIN,V312
C75BRAIN,V318
C75BRAIN,V319
C75BRAIN,V331
C75BRAIN,V339
C75BRAIN,V351
C75BRAIN,V431
C75BRAIN,V432
C75BRAIN,V433
C75BRAIN,V438
C75BRAIN,V439
D09BLADDER,M341
D09BLADDER,M342
D09BLADDER,M343
D09BLADDER,M344
D09BLADDER,M348
D09BLADDER,M349
D09BLADDER,M359
D09BLADDER,X142
D29TESTES,N051
D29TESTES,N052
D29TESTES,N053
D29TESTES,N061
D29TESTES,N063
D29TESTES,N066
D29TESTES,N068
D29TESTES,N069
D29TESTES,N072
D29TESTES,N078
D29TESTES,N079
D29TESTES,X163
D29TESTES,X164
D29TESTES,X165
D29TESTES,X166
D32BRAIN,A011
D32BRAIN,A012
D32BRAIN,A013
D32BRAIN,A018
D32BRAIN,A019
D32BRAIN,A021
D32BRAIN,A022
D32BRAIN,A023
D32BRAIN,A024
D32BRAIN,A025
D32BRAIN,A026
D32BRAIN,A028
D32BRAIN,A029
D32BRAIN,A068
D32BRAIN,A069
D32BRAIN,A171
D32BRAIN,A291
D32BRAIN,A292
D32BRAIN,A293
D32BRAIN,A294
D32BRAIN,A295
D32BRAIN,A296
D32BRAIN,A297
D32BRAIN,A298
D32BRAIN,A299
D32BRAIN,A381
D32BRAIN,A382
D32BRAIN,A383
D32BRAIN,A384
D32BRAIN,A385
D32BRAIN,A386
D32BRAIN,A388
D32BRAIN,A389
D32BRAIN,A431
D32BRAIN,A432
D32BRAIN,A438
D32BRAIN,A439
D32BRAIN,A441
D32BRAIN,A442
D32BRAIN,A443
D32BRAIN,A444
D32BRAIN,A445
D32BRAIN,A448
D32BRAIN,A449
D32BRAIN,A511
D32BRAIN,A571
D32BRAIN,A598
D32BRAIN,A611
D32BRAIN,B012
D32BRAIN,B013
D32BRAIN,B014
D32BRAIN,B018
D32BRAIN,B019
D32BRAIN,B041
D32BRAIN,B061
D32BRAIN,B068
D32BRAIN,C021
D32BRAIN,V051
D32BRAIN,V074
D32BRAIN,V291
D32BRAIN,V312
D32BRAIN,V318
D32BRAIN,V319
D32BRAIN,V331
D32BRAIN,V339
D32BRAIN,V351
D32BRAIN,V431
D32BRAIN,V432
D32BRAIN,V433
D32BRAIN,V438
D32BRAIN,V439
D33BRAIN,A011
D33BRAIN,A012
D33BRAIN,A013
D33BRAIN,A018
D33BRAIN,A019
D33BRAIN,A021
D33BRAIN,A022
D33BRAIN,A023
D33BRAIN,A024
D33BRAIN,A025
D33BRAIN,A026
D33BRAIN,A028
D33BRAIN,A029
D33BRAIN,A068
D33BRAIN,A069
D33BRAIN,A171
D33BRAIN,A291
D33BRAIN,A292
D33BRAIN,A293
D33BRAIN,A294
D33BRAIN,A295
D33BRAIN,A296
D33BRAIN,A297
D33BRAIN,A298
D33BRAIN,A299
D33BRAIN,A381
D33BRAIN,A382
D33BRAIN,A383
D33BRAIN,A384
D33BRAIN,A385
D33BRAIN,A386
D33BRAIN,A388
D33BRAIN,A389
D33BRAIN,A431
D33BRAIN,A432
D33BRAIN,A438
D33BRAIN,A439
D33BRAIN,A441
D33BRAIN,A442
D33BRAIN,A443
D33BRAIN,A444
D33BRAIN,A445
D33BRAIN,A448
D33BRAIN,A449
D33BRAIN,A511
D33BRAIN,A571
D33BRAIN,A598
D33BRAIN,A611
D33BRAIN,B012
D33BRAIN,B013
D33BRAIN,B014
D33BRAIN,B018
D33BRAIN,B019
D33BRAIN,B041
D33BRAIN,B061
D33BRAIN,B068
D33BRAIN,C021
D33BRAIN,V051
D33BRAIN,V074
D33BRAIN,V291
D33BRAIN,V312
D33BRAIN,V318
D33BRAIN,V319
D33BRAIN,V331
D33BRAIN,V339
D33BRAIN,V351
D33BRAIN,V431
D33BRAIN,V432
D33BRAIN,V433
D33BRAIN,V438
D33BRAIN,V439
D35BRAIN,A011
D35BRAIN,A012
D35BRAIN,A013
D35BRAIN,A018
D35BRAIN,A019
D35BRAIN,A021
D35BRAIN,A022
D35BRAIN,A023
D35BRAIN,A024
D35BRAIN,A025
D35BRAIN,A026
D35BRAIN,A028
D35BRAIN,A029
D35BRAIN,A068
D35BRAIN,A069
D35BRAIN,A171
D35BRAIN,A291
D35BRAIN,A292
D35BRAIN,A293
D35BRAIN,A294
D35BRAIN,A295
D35BRAIN,A296
D35BRAIN,A297
D35BRAIN,A298
D35BRAIN,A299
D35BRAIN,A381
D35BRAIN,A382
D35BRAIN,A383
D35BRAIN,A384
D35BRAIN,A385
D35BRAIN,A386
D35BRAIN,A388
D35BRAIN,A389
D35BRAIN,A431
D35BRAIN,A432
D35BRAIN,A438
D35BRAIN,A439
D35BRAIN,A441
D35BRAIN,A442
D35BRAIN,A443
D35BRAIN,A444
D35BRAIN,A445
D35BRAIN,A448
D35BRAIN,A449
D35BRAIN,A511
D35BRAIN,A571
D35BRAIN,A598
D35BRAIN,A611
D35BRAIN,B012
D35BRAIN,B013
D35BRAIN,B014
D35BRAIN,B018
D35BRAIN,B019
D35BRAIN,B041
D35BRAIN,B061
D35BRAIN,B068
D35BRAIN,C021
D35BRAIN,V051
D35BRAIN,V074
D35BRAIN,V291
D35BRAIN,V312
D35BRAIN,V318
D35BRAIN,V319
D35BRAIN,V331
D35BRAIN,V339
D35BRAIN,V351
D35BRAIN,V431
D35BRAIN,V432
D35BRAIN,V433
D35BRAIN,V438
D35BRAIN,V439
D39OVARY,H331
D39OVARY,H332
D39OVARY,H333
D39OVARY,H334
D39OVARY,H335
D39OVARY,H336
D39OVARY,H337
D39OVARY,H338
D39OVARY,H339
D39OVARY,Q071
D39OVARY,Q072
D39OVARY,Q073
D39OVARY,Q074
D39OVARY,Q075
D39OVARY,Q078
D39OVARY,Q079
D39OVARY,Q081
D39OVARY,Q082
D39OVARY,Q083
D39OVARY,Q088
D39OVARY,Q089
D39OVARY,Q221
D39OVARY,Q223
D39OVARY,Q231
D39OVARY,Q232
D39OVARY,Q235
D39OVARY,Q236
D39OVARY,Q241
D39OVARY,Q243
D39OVARY,Q438
D39OVARY,Q439
D39OVARY,Q473
D39OVARY,Q478
D39OVARY,Q491
D39OVARY,T331
D39OVARY,T332
D39OVARY,T338
D39OVARY,T339
D39OVARY,T361
D39OVARY,T362
D39OVARY,X141
D39OVARY,X142
D39OVARY,X143
D39OVARY,X148
D39OVARY,X149
D41BLADDER,M421
D41BLADDER,M422
D41BLADDER,M423
D41BLADDER,M428
D41BLADDER,M429
D41BLADDER,M341
D41BLADDER,M342
D41BLADDER,M343
D41BLADDER,M344
D41BLADDER,M348
D41BLADDER,M349
D41BLADDER,M359
D41BLADDER,X142
D42BRAIN,A011
D42BRAIN,A012
D42BRAIN,A013
D42BRAIN,A018
D42BRAIN,A019
D42BRAIN,A021
D42BRAIN,A022
D42BRAIN,A023
D42BRAIN,A024
D42BRAIN,A025
D42BRAIN,A026
D42BRAIN,A028
D42BRAIN,A029
D42BRAIN,A068
D42BRAIN,A069
D42BRAIN,A171
D42BRAIN,A291
D42BRAIN,A292
D42BRAIN,A293
D42BRAIN,A294
D42BRAIN,A295
D42BRAIN,A296
D42BRAIN,A297
D42BRAIN,A298
D42BRAIN,A299
D42BRAIN,A381
D42BRAIN,A382
D42BRAIN,A383
D42BRAIN,A384
D42BRAIN,A385
D42BRAIN,A386
D42BRAIN,A388
D42BRAIN,A389
D42BRAIN,A431
D42BRAIN,A432
D42BRAIN,A438
D42BRAIN,A439
D42BRAIN,A441
D42BRAIN,A442
D42BRAIN,A443
D42BRAIN,A444
D42BRAIN,A445
D42BRAIN,A448
D42BRAIN,A449
D42BRAIN,A511
D42BRAIN,A571
D42BRAIN,A598
D42BRAIN,A611
D42BRAIN,B012
D42BRAIN,B013
D42BRAIN,B014
D42BRAIN,B018
D42BRAIN,B019
D42BRAIN,B041
D42BRAIN,B061
D42BRAIN,B068
D42BRAIN,C021
D42BRAIN,V051
D42BRAIN,V074
D42BRAIN,V291
D42BRAIN,V312
D42BRAIN,V318
D42BRAIN,V319
D42BRAIN,V331
D42BRAIN,V339
D42BRAIN,V351
D42BRAIN,V431
D42BRAIN,V432
D42BRAIN,V433
D42BRAIN,V438
D42BRAIN,V439
D43BRAIN,A011
D43BRAIN,A012
D43BRAIN,A013
D43BRAIN,A018
D43BRAIN,A019
D43BRAIN,A021
D43BRAIN,A022
D43BRAIN,A023
D43BRAIN,A024
D43BRAIN,A025
D43BRAIN,A026
D43BRAIN,A028
D43BRAIN,A029
D43BRAIN,A068
D43BRAIN,A069
D43BRAIN,A171
D43BRAIN,A291
D43BRAIN,A292
D43BRAIN,A293
D43BRAIN,A294
D43BRAIN,A295
D43BRAIN,A296
D43BRAIN,A297
D43BRAIN,A298
D43BRAIN,A299
D43BRAIN,A381
D43BRAIN,A382
D43BRAIN,A383
D43BRAIN,A384
D43BRAIN,A385
D43BRAIN,A386
D43BRAIN,A388
D43BRAIN,A389
D43BRAIN,A431
D43BRAIN,A432
D43BRAIN,A438
D43BRAIN,A439
D43BRAIN,A441
D43BRAIN,A442
D43BRAIN,A443
D43BRAIN,A444
D43BRAIN,A445
D43BRAIN,A448
D43BRAIN,A449
D43BRAIN,A511
D43BRAIN,A571
D43BRAIN,A598
D43BRAIN,A611
D43BRAIN,B012
D43BRAIN,B013
D43BRAIN,B014
D43BRAIN,B018
D43BRAIN,B019
D43BRAIN,B041
D43BRAIN,B061
D43BRAIN,B068
D43BRAIN,C021
D43BRAIN,V051
D43BRAIN,V074
D43BRAIN,V291
D43BRAIN,V312
D43BRAIN,V318
D43BRAIN,V319
D43BRAIN,V331
D43BRAIN,V339
D43BRAIN,V351
D43BRAIN,V431
D43BRAIN,V432
D43BRAIN,V433
D43BRAIN,V438
D43BRAIN,V439
D44BRAIN,A011
D44BRAIN,A012
D44BRAIN,A013
D44BRAIN,A018
D44BRAIN,A019
D44BRAIN,A021
D44BRAIN,A022
D44BRAIN,A023
D44BRAIN,A024
D44BRAIN,A025
D44BRAIN,A026
D44BRAIN,A028
D44BRAIN,A029
D44BRAIN,A068
D44BRAIN,A069
D44BRAIN,A171
D44BRAIN,A291
D44BRAIN,A292
D44BRAIN,A293
D44BRAIN,A294
D44BRAIN,A295
D44BRAIN,A296
D44BRAIN,A297
D44BRAIN,A298
D44BRAIN,A299
D44BRAIN,A381
D44BRAIN,A382
D44BRAIN,A383
D44BRAIN,A384
D44BRAIN,A385
D44BRAIN,A386
D44BRAIN,A388
D44BRAIN,A389
D44BRAIN,A431
D44BRAIN,A432
D44BRAIN,A438
D44BRAIN,A439
D44BRAIN,A441
D44BRAIN,A442
D44BRAIN,A443
D44BRAIN,A444
D44BRAIN,A445
D44BRAIN,A448
D44BRAIN,A449
D44BRAIN,A511
D44BRAIN,A571
D44BRAIN,A598
D44BRAIN,A611
D44BRAIN,B012
D44BRAIN,B013
D44BRAIN,B014
D44BRAIN,B018
D44BRAIN,B019
D44BRAIN,B041
D44BRAIN,B061
D44BRAIN,B068
D44BRAIN,C021
D44BRAIN,V051
D44BRAIN,V074
D44BRAIN,V291
D44BRAIN,V312
D44BRAIN,V318
D44BRAIN,V319
D44BRAIN,V331
D44BRAIN,V339
D44BRAIN,V351
D44BRAIN,V431
D44BRAIN,V432
D44BRAIN,V433
D44BRAIN,V438
D44BRAIN,V439
KC_BCC,B279
KC_BCC,B283
KC_BCC,B284
KC_BCC,C011
KC_BCC,C012
KC_BCC,C013
KC_BCC,C018
KC_BCC,C019
KC_BCC,C021
KC_BCC,C022
KC_BCC,C028
KC_BCC,C029
KC_BCC,C101
KC_BCC,C102
KC_BCC,C103
KC_BCC,C111
KC_BCC,C115
KC_BCC,C121
KC_BCC,C124
KC_BCC,C126
KC_BCC,C141
KC_BCC,C142
KC_BCC,C143
KC_BCC,C144
KC_BCC,C145
KC_BCC,C148
KC_BCC,C149
KC_BCC,C162
KC_BCC,C164
KC_BCC,C168
KC_BCC,C178
KC_BCC,C179
KC_BCC,D011
KC_BCC,D012
KC_BCC,D013
KC_BCC,D018
KC_BCC,D019
KC_BCC,D021
KC_BCC,D028
KC_BCC,D031
KC_BCC,D032
KC_BCC,D063
KC_BCC,D064
KC_BCC,D065
KC_BCC,D191
KC_BCC,E011
KC_BCC,E018
KC_BCC,E019
KC_BCC,E021
KC_BCC,E022
KC_BCC,E023
KC_BCC,E024
KC_BCC,E025
KC_BCC,E026
KC_BCC,E027
KC_BCC,E028
KC_BCC,E029
KC_BCC,E032
KC_BCC,E037
KC_BCC,E091
KC_BCC,E094
KC_BCC,E097
KC_BCC,E661
KC_BCC,F011
KC_BCC,F018
KC_BCC,F019
KC_BCC,F021
KC_BCC,F029
KC_BCC,F041
KC_BCC,F042
KC_BCC,F048
KC_BCC,F049
KC_BCC,F052
KC_BCC,F382
KC_BCC,F402
KC_BCC,F441
KC_BCC,F442
KC_BCC,F443
KC_BCC,F444
KC_BCC,F445
KC_BCC,F448
KC_BCC,F449
KC_BCC,F451
KC_BCC,F452
KC_BCC,N011
KC_BCC,N012
KC_BCC,N036
KC_BCC,N052
KC_BCC,N063
KC_BCC,N241
KC_BCC,N243
KC_BCC,N261
KC_BCC,N262
KC_BCC,N268
KC_BCC,N269
KC_BCC,N271
KC_BCC,N287
KC_BCC,N303
KC_BCC,P011
KC_BCC,P031
KC_BCC,P033
KC_BCC,P051
KC_BCC,P052
KC_BCC,P054
KC_BCC,P058
KC_BCC,P059
KC_BCC,P065
KC_BCC,P071
KC_BCC,P078
KC_BCC,P079
KC_BCC,P111
KC_BCC,P137
KC_BCC,P151
KC_BCC,P152
KC_BCC,P201
KC_BCC,S018
KC_BCC,S019
KC_BCC,S028
KC_BCC,S029
KC_BCC,S038
KC_BCC,S039
KC_BCC,S041
KC_BCC,S042
KC_BCC,S043
KC_BCC,S048
KC_BCC,S049
KC_BCC,S051
KC_BCC,S052
KC_BCC,S053
KC_BCC,S054
KC_BCC,S055
KC_BCC,S058
KC_BCC,S059
KC_BCC,S063
KC_BCC,S064
KC_BCC,S065
KC_BCC,S066
KC_BCC,S067
KC_BCC,S068
KC_BCC,S069
KC_BCC,S081
KC_BCC,S082
KC_BCC,S083
KC_BCC,S088
KC_BCC,S089
KC_BCC,S143
KC_BCC,S144
KC_BCC,S171
KC_BCC,S172
KC_BCC,S173
KC_BCC,S174
KC_BCC,S175
KC_BCC,S178
KC_BCC,S179
KC_BCC,S181
KC_BCC,S182
KC_BCC,S183
KC_BCC,S184
KC_BCC,S185
KC_BCC,S188
KC_BCC,S189
KC_BCC,S191
KC_BCC,S192
KC_BCC,S198
KC_BCC,S199
KC_BCC,S201
KC_BCC,S202
KC_BCC,S203
KC_BCC,S204
KC_BCC,S205
KC_BCC,S206
KC_BCC,S207
KC_BCC,S208
KC_BCC,S209
KC_BCC,S211
KC_BCC,S212
KC_BCC,S213
KC_BCC,S214
KC_BCC,S218
KC_BCC,S219
KC_BCC,S221
KC_BCC,S222
KC_BCC,S223
KC_BCC,S224
KC_BCC,S228
KC_BCC,S229
KC_BCC,S231
KC_BCC,S232
KC_BCC,S233
KC_BCC,S234
KC_BCC,S238
KC_BCC,S239
KC_BCC,S241
KC_BCC,S242
KC_BCC,S243
KC_BCC,S248
KC_BCC,S249
KC_BCC,S251
KC_BCC,S252
KC_BCC,S253
KC_BCC,S258
KC_BCC,S259
KC_BCC,S261
KC_BCC,S262
KC_BCC,S263
KC_BCC,S264
KC_BCC,S265
KC_BCC,S268
KC_BCC,S269
KC_BCC,S271
KC_BCC,S272
KC_BCC,S273
KC_BCC,S274
KC_BCC,S275
KC_BCC,S278
KC_BCC,S279
KC_BCC,S291
KC_BCC,S292
KC_BCC,S293
KC_BCC,S294
KC_BCC,S295
KC_BCC,S298
KC_BCC,S299
KC_BCC,S302
KC_BCC,S304
KC_BCC,S314
KC_BCC,S321
KC_BCC,S322
KC_BCC,S323
KC_BCC,S324
KC_BCC,S325
KC_BCC,S328
KC_BCC,S329
KC_BCC,S338
KC_BCC,S339
KC_BCC,S341
KC_BCC,S348
KC_BCC,S349
KC_BCC,S351
KC_BCC,S352
KC_BCC,S353
KC_BCC,S358
KC_BCC,S359
KC_BCC,S361
KC_BCC,S362
KC_BCC,S363
KC_BCC,S364
KC_BCC,S365
KC_BCC,S366
KC_BCC,S368
KC_BCC,S369
KC_BCC,S371
KC_BCC,S372
KC_BCC,S373
KC_BCC,S374
KC_BCC,S378
KC_BCC,S379
KC_BCC,S391
KC_BCC,S392
KC_BCC,S398
KC_BCC,S399
KC_BCC,S641
KC_BCC,T013
KC_BCC,T313
KC_BCC,T851
KC_BCC,T852
KC_BCC,T853
KC_BCC,T854
KC_BCC,T855
KC_BCC,T856
KC_BCC,T858
KC_BCC,T859
KC_BCC,T911
KC_BCC,T962
KC_BCC,X071
KC_BCC,X072
KC_BCC,X073
KC_BCC,X074
KC_BCC,X075
KC_BCC,X078
KC_BCC,X079
KC_BCC,X081
KC_BCC,X082
KC_BCC,X083
KC_BCC,X084
KC_BCC,X088
KC_BCC,X089
KC_BCC,X091
KC_BCC,X092
KC_BCC,X093
KC_BCC,X094
KC_BCC,X095
KC_BCC,X098
KC_BCC,X099
KC_BCC,X101
KC_BCC,X102
KC_BCC,X103
KC_BCC,X104
KC_BCC,X108
KC_BCC,X109
KC_BCC,X111
KC_BCC,X112
KC_BCC,X118
KC_BCC,X119
KC_BCC,X121
KC_BCC,X122
KC_BCC,X123
KC_BCC,X124
KC_BCC,X125
KC_BCC,X128
KC_BCC,X129
KC_BCC,Y551
KC_BCC,Y552
KC_BCC,Y553
KC_BCC,Y554
KC_BCC,Y555
KC_BCC,Y556
KC_BCC,Y558
KC_BCC,Y559
KC_BCC,Y561
KC_BCC,Y562
KC_BCC,Y563
KC_BCC,Y564
KC_BCC,Y568
KC_BCC,Y569
KC_BCC,Y571
KC_BCC,Y572
KC_BCC,Y573
KC_BCC,Y574
KC_BCC,Y575
KC_BCC,Y576
KC_BCC,Y578
KC_BCC,Y579
KC_BCC,Y581
KC_BCC,Y588
KC_BCC,Y589
KC_BCC,Y591
KC_BCC,Y592
KC_BCC,Y593
KC_BCC,Y594
KC_BCC,Y595
KC_BCC,Y596
KC_BCC,Y598
KC_BCC,Y599
KC_BCC,Y601
KC_BCC,Y602
KC_BCC,Y604
KC_BCC,Y608
KC_BCC,Y609
KC_BCC,Y611
KC_BCC,Y612
KC_BCC,Y613
KC_BCC,Y614
KC_BCC,Y615
KC_BCC,Y618
KC_BCC,Y619
KC_BCC,Y621
KC_BCC,Y622
KC_BCC,Y623
KC_BCC,Y628
KC_BCC,Y629
KC_BCC,Y671
KC_BCC,Y672
KC_BCC,Y678
KC_BCC,Y679
KC_BCC,Y692
KC_CSCC,B279
KC_CSCC,B283
KC_CSCC,B284
KC_CSCC,C011
KC_CSCC,C012
KC_CSCC,C013
KC_CSCC,C018
KC_CSCC,C019
KC_CSCC,C021
KC_CSCC,C022
KC_CSCC,C028
KC_CSCC,C029
KC_CSCC,C101
KC_CSCC,C102
KC_CSCC,C103
KC_CSCC,C111
KC_CSCC,C115
KC_CSCC,C121
KC_CSCC,C124
KC_CSCC,C126
KC_CSCC,C141
KC_CSCC,C142
KC_CSCC,C143
KC_CSCC,C144
KC_CSCC,C145
KC_CSCC,C148
KC_CSCC,C149
KC_CSCC,C162
KC_CSCC,C164
KC_CSCC,C168
KC_CSCC,C178
KC_CSCC,C179
KC_CSCC,D011
KC_CSCC,D012
KC_CSCC,D013
KC_CSCC,D018
KC_CSCC,D019
KC_CSCC,D021
KC_CSCC,D028
KC_CSCC,D031
KC_CSCC,D032
KC_CSCC,D063
KC_CSCC,D064
KC_CSCC,D065
KC_CSCC,D191
KC_CSCC,E011
KC_CSCC,E018
KC_CSCC,E019
KC_CSCC,E021
KC_CSCC,E022
KC_CSCC,E023
KC_CSCC,E024
KC_CSCC,E025
KC_CSCC,E026
KC_CSCC,E027
KC_CSCC,E028
KC_CSCC,E029
KC_CSCC,E032
KC_CSCC,E037
KC_CSCC,E091
KC_CSCC,E094
KC_CSCC,E097
KC_CSCC,E661
KC_CSCC,F011
KC_CSCC,F018
KC_CSCC,F019
KC_CSCC,F021
KC_CSCC,F029
KC_CSCC,F041
KC_CSCC,F042
KC_CSCC,F048
KC_CSCC,F049
KC_CSCC,F052
KC_CSCC,F382
KC_CSCC,F402
KC_CSCC,F441
KC_CSCC,F442
KC_CSCC,F443
KC_CSCC,F444
KC_CSCC,F445
KC_CSCC,F448
KC_CSCC,F449
KC_CSCC,F451
KC_CSCC,F452
KC_CSCC,N011
KC_CSCC,N012
KC_CSCC,N036
KC_CSCC,N052
KC_CSCC,N063
KC_CSCC,N241
KC_CSCC,N243
KC_CSCC,N261
KC_CSCC,N262
KC_CSCC,N268
KC_CSCC,N269
KC_CSCC,N271
KC_CSCC,N287
KC_CSCC,N303
KC_CSCC,P011
KC_CSCC,P031
KC_CSCC,P033
KC_CSCC,P051
KC_CSCC,P052
KC_CSCC,P054
KC_CSCC,P058
KC_CSCC,P059
KC_CSCC,P065
KC_CSCC,P071
KC_CSCC,P078
KC_CSCC,P079
KC_CSCC,P111
KC_CSCC,P137
KC_CSCC,P151
KC_CSCC,P152
KC_CSCC,P201
KC_CSCC,S018
KC_CSCC,S019
KC_CSCC,S028
KC_CSCC,S029
KC_CSCC,S038
KC_CSCC,S039
KC_CSCC,S041
KC_CSCC,S042
KC_CSCC,S043
KC_CSCC,S048
KC_CSCC,S049
KC_CSCC,S051
KC_CSCC,S052
KC_CSCC,S053
KC_CSCC,S054
KC_CSCC,S055
KC_CSCC,S058
KC_CSCC,S059
KC_CSCC,S063
KC_CSCC,S064
KC_CSCC,S065
KC_CSCC,S066
KC_CSCC,S067
KC_CSCC,S068
KC_CSCC,S069
KC_CSCC,S081
KC_CSCC,S082
KC_CSCC,S083
KC_CSCC,S088
KC_CSCC,S089
KC_CSCC,S143
KC_CSCC,S144
KC_CSCC,S171
KC_CSCC,S172
KC_CSCC,S173
KC_CSCC,S174
KC_CSCC,S175
KC_CSCC,S178
KC_CSCC,S179
KC_CSCC,S181
KC_CSCC,S182
KC_CSCC,S183
KC_CSCC,S184
KC_CSCC,S185
KC_CSCC,S188
KC_CSCC,S189
KC_CSCC,S191
KC_CSCC,S192
KC_CSCC,S198
KC_CSCC,S199
KC_CSCC,S201
KC_CSCC,S202
KC_CSCC,S203
KC_CSCC,S204
KC_CSCC,S205
KC_CSCC,S206
KC_CSCC,S207
KC_CSCC,S208
KC_CSCC,S209
KC_CSCC,S211
KC_CSCC,S212
KC_CSCC,S213
KC_CSCC,S214
KC_CSCC,S218
KC_CSCC,S219
KC_CSCC,S221
KC_CSCC,S222
KC_CSCC,S223
KC_CSCC,S224
KC_CSCC,S228
KC_CSCC,S229
KC_CSCC,S231
KC_CSCC,S232
KC_CSCC,S233
KC_CSCC,S234
KC_CSCC,S238
KC_CSCC,S239
KC_CSCC,S241
KC_CSCC,S242
KC_CSCC,S243
KC_CSCC,S248
KC_CSCC,S249
KC_CSCC,S251
KC_CSCC,S252
KC_CSCC,S253
KC_CSCC,S258
KC_CSCC,S259
KC_CSCC,S261
KC_CSCC,S262
KC_CSCC,S263
KC_CSCC,S264
KC_CSCC,S265
KC_CSCC,S268
KC_CSCC,S269
KC_CSCC,S271
KC_CSCC,S272
KC_CSCC,S273
KC_CSCC,S274
KC_CSCC,S275
KC_CSCC,S278
KC_CSCC,S279
KC_CSCC,S291
KC_CSCC,S292
KC_CSCC,S293
KC_CSCC,S294
KC_CSCC,S295
KC_CSCC,S298
KC_CSCC,S299
KC_CSCC,S302
KC_CSCC,S304
KC_CSCC,S314
KC_CSCC,S321
KC_CSCC,S322
KC_CSCC,S323
KC_CSCC,S324
KC_CSCC,S325
KC_CSCC,S328
KC_CSCC,S329
KC_CSCC,S338
KC_CSCC,S339
KC_CSCC,S341
KC_CSCC,S348
KC_CSCC,S349
KC_CSCC,S351
KC_CSCC,S352
KC_CSCC,S353
KC_CSCC,S358
KC_CSCC,S359
KC_CSCC,S361
KC_CSCC,S362
KC_CSCC,S363
KC_CSCC,S364
KC_CSCC,S365
KC_CSCC,S366
KC_CSCC,S368
KC_CSCC,S369
KC_CSCC,S371
KC_CSCC,S372
KC_CSCC,S373
KC_CSCC,S374
KC_CSCC,S378
KC_CSCC,S379
KC_CSCC,S391
KC_CSCC,S392
KC_CSCC,S398
KC_CSCC,S399
KC_CSCC,S641
KC_CSCC,T013
KC_CSCC,T313
KC_CSCC,T851
KC_CSCC,T852
KC_CSCC,T853
KC_CSCC,T854
KC_CSCC,T855
KC_CSCC,T856
KC_CSCC,T858
KC_CSCC,T859
KC_CSCC,T911
KC_CSCC,T962
KC_CSCC,X071
KC_CSCC,X072
KC_CSCC,X073
KC_CSCC,X074
KC_CSCC,X075
KC_CSCC,X078
KC_CSCC,X079
KC_CSCC,X081
KC_CSCC,X082
KC_CSCC,X083
KC_CSCC,X084
KC_CSCC,X088
KC_CSCC,X089
KC_CSCC,X091
KC_CSCC,X092
KC_CSCC,X093
KC_CSCC,X094
KC_CSCC,X095
KC_CSCC,X098
KC_CSCC,X099
KC_CSCC,X101
KC_CSCC,X102
KC_CSCC,X103
KC_CSCC,X104
KC_CSCC,X108
KC_CSCC,X109
KC_CSCC,X111
KC_CSCC,X112
KC_CSCC,X118
KC_CSCC,X119
KC_CSCC,X121
KC_CSCC,X122
KC_CSCC,X123
KC_CSCC,X124
KC_CSCC,X125
KC_CSCC,X128
KC_CSCC,X129
KC_CSCC,Y551
KC_CSCC,Y552
KC_CSCC,Y553
KC_CSCC,Y554
KC_CSCC,Y555
KC_CSCC,Y556
KC_CSCC,Y558
KC_CSCC,Y559
KC_CSCC,Y561
KC_CSCC,Y562
KC_CSCC,Y563
KC_CSCC,Y564
KC_CSCC,Y568
KC_CSCC,Y569
KC_CSCC,Y571
KC_CSCC,Y572
KC_CSCC,Y573
KC_CSCC,Y574
KC_CSCC,Y575
KC_CSCC,Y576
KC_CSCC,Y578
KC_CSCC,Y579
KC_CSCC,Y581
KC_CSCC,Y588
KC_CSCC,Y589
KC_CSCC,Y591
KC_CSCC,Y592
KC_CSCC,Y593
KC_CSCC,Y594
KC_CSCC,Y595
KC_CSCC,Y596
KC_CSCC,Y598
KC_CSCC,Y599
KC_CSCC,Y601
KC_CSCC,Y602
KC_CSCC,Y604
KC_CSCC,Y608
KC_CSCC,Y609
KC_CSCC,Y611
KC_CSCC,Y612
KC_CSCC,Y613
KC_CSCC,Y614
KC_CSCC,Y615
KC_CSCC,Y618
KC_CSCC,Y619
KC_CSCC,Y621
KC_CSCC,Y622
KC_CSCC,Y623
KC_CSCC,Y628
KC_CSCC,Y629
KC_CSCC,Y671
KC_CSCC,Y672
KC_CSCC,Y678
KC_CSCC,Y679
KC_CSCC,Y692
NON-KC_MELANOMA,B279
NON-KC_MELANOMA,B283
NON-KC_MELANOMA,B284
NON-KC_MELANOMA,C011
NON-KC_MELANOMA,C012
NON-KC_MELANOMA,C013
NON-KC_MELANOMA,C018
NON-KC_MELANOMA,C019
NON-KC_MELANOMA,C021
NON-KC_MELANOMA,C022
NON-KC_MELANOMA,C028
NON-KC_MELANOMA,C029
NON-KC_MELANOMA,C101
NON-KC_MELANOMA,C102
NON-KC_MELANOMA,C103
NON-KC_MELANOMA,C111
NON-KC_MELANOMA,C115
NON-KC_MELANOMA,C121
NON-KC_MELANOMA,C126
NON-KC_MELANOMA,C141
NON-KC_MELANOMA,C142
NON-KC_MELANOMA,C143
NON-KC_MELANOMA,C144
NON-KC_MELANOMA,C145
NON-KC_MELANOMA,C148
NON-KC_MELANOMA,C149
NON-KC_MELANOMA,C162
NON-KC_MELANOMA,C164
NON-KC_MELANOMA,C168
NON-KC_MELANOMA,C178
NON-KC_MELANOMA,C179
NON-KC_MELANOMA,D011
NON-KC_MELANOMA,D012
NON-KC_MELANOMA,D013
NON-KC_MELANOMA,D018
NON-KC_MELANOMA,D019
NON-KC_MELANOMA,D021
NON-KC_MELANOMA,D028
NON-KC_MELANOMA,D031
NON-KC_MELANOMA,D032
NON-KC_MELANOMA,D063
NON-KC_MELANOMA,D064
NON-KC_MELANOMA,D065
NON-KC_MELANOMA,D191
NON-KC_MELANOMA,E011
NON-KC_MELANOMA,E018
NON-KC_MELANOMA,E019
NON-KC_MELANOMA,E021
NON-KC_MELANOMA,E022
NON-KC_MELANOMA,E023
NON-KC_MELANOMA,E024
NON-KC_MELANOMA,E025
NON-KC_MELANOMA,E026
NON-KC_MELANOMA,E027
NON-KC_MELANOMA,E028
NON-KC_MELANOMA,E029
NON-KC_MELANOMA,E032
NON-KC_MELANOMA,E037
NON-KC_MELANOMA,E091
NON-KC_MELANOMA,E097
NON-KC_MELANOMA,E661
NON-KC_MELANOMA,F011
NON-KC_MELANOMA,F018
NON-KC_MELANOMA,F019
NON-KC_MELANOMA,F021
NON-KC_MELANOMA,F029
NON-KC_MELANOMA,F041
NON-KC_MELANOMA,F042
NON-KC_MELANOMA,F048
NON-KC_MELANOMA,F049
NON-KC_MELANOMA,F052
NON-KC_MELANOMA,F382
NON-KC_MELANOMA,F402
NON-KC_MELANOMA,F441
NON-KC_MELANOMA,F442
NON-KC_MELANOMA,F443
NON-KC_MELANOMA,F444
NON-KC_MELANOMA,F445
NON-KC_MELANOMA,F448
NON-KC_MELANOMA,F449
NON-KC_MELANOMA,F451
NON-KC_MELANOMA,F452
NON-KC_MELANOMA,N011
NON-KC_MELANOMA,N012
NON-KC_MELANOMA,N036
NON-KC_MELANOMA,N052
NON-KC_MELANOMA,N063
NON-KC_MELANOMA,N241
NON-KC_MELANOMA,N243
NON-KC_MELANOMA,N261
NON-KC_MELANOMA,N262
NON-KC_MELANOMA,N268
NON-KC_MELANOMA,N269
NON-KC_MELANOMA,N271
NON-KC_MELANOMA,N287
NON-KC_MELANOMA,N303
NON-KC_MELANOMA,P011
NON-KC_MELANOMA,P031
NON-KC_MELANOMA,P033
NON-KC_MELANOMA,P051
NON-KC_MELANOMA,P052
NON-KC_MELANOMA,P054
NON-KC_MELANOMA,P058
NON-KC_MELANOMA,P059
NON-KC_MELANOMA,P065
NON-KC_MELANOMA,P071
NON-KC_MELANOMA,P078
NON-KC_MELANOMA,P079
NON-KC_MELANOMA,P111
NON-KC_MELANOMA,P137
NON-KC_MELANOMA,P151
NON-KC_MELANOMA,P152
NON-KC_MELANOMA,P201
NON-KC_MELANOMA,S018
NON-KC_MELANOMA,S019
NON-KC_MELANOMA,S028
NON-KC_MELANOMA,S029
NON-KC_MELANOMA,S038
NON-KC_MELANOMA,S039
NON-KC_MELANOMA,S041
NON-KC_MELANOMA,S042
NON-KC_MELANOMA,S043
NON-KC_MELANOMA,S048
NON-KC_MELANOMA,S049
NON-KC_MELANOMA,S051
NON-KC_MELANOMA,S052
NON-KC_MELANOMA,S053
NON-KC_MELANOMA,S054
NON-KC_MELANOMA,S055
NON-KC_MELANOMA,S058
NON-KC_MELANOMA,S059
NON-KC_MELANOMA,S063
NON-KC_MELANOMA,S064
NON-KC_MELANOMA,S065
NON-KC_MELANOMA,S066
NON-KC_MELANOMA,S067
NON-KC_MELANOMA,S068
NON-KC_MELANOMA,S069
NON-KC_MELANOMA,S171
NON-KC_MELANOMA,S172
NON-KC_MELANOMA,S173
NON-KC_MELANOMA,S174
NON-KC_MELANOMA,S175
NON-KC_MELANOMA,S178
NON-KC_MELANOMA,S179
NON-KC_MELANOMA,S181
NON-KC_MELANOMA,S182
NON-KC_MELANOMA,S183
NON-KC_MELANOMA,S184
NON-KC_MELANOMA,S185
NON-KC_MELANOMA,S188
NON-KC_MELANOMA,S189
NON-KC_MELANOMA,S191
NON-KC_MELANOMA,S192
NON-KC_MELANOMA,S198
NON-KC_MELANOMA,S199
NON-KC_MELANOMA,S201
NON-KC_MELANOMA,S202
NON-KC_MELANOMA,S203
NON-KC_MELANOMA,S204
NON-KC_MELANOMA,S205
NON-KC_MELANOMA,S206
NON-KC_MELANOMA,S207
NON-KC_MELANOMA,S208
NON-KC_MELANOMA,S209
NON-KC_MELANOMA,S211
NON-KC_MELANOMA,S212
NON-KC_MELANOMA,S213
NON-KC_MELANOMA,S214
NON-KC_MELANOMA,S218
NON-KC_MELANOMA,S219
NON-KC_MELANOMA,S221
NON-KC_MELANOMA,S222
NON-KC_MELANOMA,S223
NON-KC_MELANOMA,S224
NON-KC_MELANOMA,S228
NON-KC_MELANOMA,S229
NON-KC_MELANOMA,S231
NON-KC_MELANOMA,S232
NON-KC_MELANOMA,S233
NON-KC_MELANOMA,S234
NON-KC_MELANOMA,S238
NON-KC_MELANOMA,S239
NON-KC_MELANOMA,S241
NON-KC_MELANOMA,S242
NON-KC_MELANOMA,S243
NON-KC_MELANOMA,S248
NON-KC_MELANOMA,S249
NON-KC_MELANOMA,S251
NON-KC_MELANOMA,S252
NON-KC_MELANOMA,S253
NON-KC_MELANOMA,S258
NON-KC_MELANOMA,S259
NON-KC_MELANOMA,S261
NON-KC_MELANOMA,S262
NON-KC_MELANOMA,S263
NON-KC_MELANOMA,S264
NON-KC_MELANOMA,S265
NON-KC_MELANOMA,S268
NON-KC_MELANOMA,S269
NON-KC_MELANOMA,S271
NON-KC_MELANOMA,S272
NON-KC_MELANOMA,S273
NON-KC_MELANOMA,S274
NON-KC_MELANOMA,S275
NON-KC_MELANOMA,S278
NON-KC_MELANOMA,S279
NON-KC_MELANOMA,S291
NON-KC_MELANOMA,S292
NON-KC_MELANOMA,S293
NON-KC_MELANOMA,S294
NON-KC_MELANOMA,S295
NON-KC_MELANOMA,S298
NON-KC_MELANOMA,S299
NON-KC_MELANOMA,S302
NON-KC_MELANOMA,S304
NON-KC_MELANOMA,S314
NON-KC_MELANOMA,S321
NON-KC_MELANOMA,S322
NON-KC_MELANOMA,S323
NON-KC_MELANOMA,S324
NON-KC_MELANOMA,S325
NON-KC_MELANOMA,S328
NON-KC_MELANOMA,S329
NON-KC_MELANOMA,S338
NON-KC_MELANOMA,S339
NON-KC_MELANOMA,S341
NON-KC_MELANOMA,S348
NON-KC_MELANOMA,S349
NON-KC_MELANOMA,S351
NON-KC_MELANOMA,S352
NON-KC_MELANOMA,S353
NON-KC_MELANOMA,S358
NON-KC_MELANOMA,S359
NON-KC_MELANOMA,S361
NON-KC_MELANOMA,S362
NON-KC_MELANOMA,S363
NON-KC_MELANOMA,S364
NON-KC_MELANOMA,S365
NON-KC_MELANOMA,S366
NON-KC_MELANOMA,S368
NON-KC_MELANOMA,S369
NON-KC_MELANOMA,S371
NON-KC_MELANOMA,S372
NON-KC_MELANOMA,S373
NON-KC_MELANOMA,S374
NON-KC_MELANOMA,S378
NON-KC_MELANOMA,S379
NON-KC_MELANOMA,S391
NON-KC_MELANOMA,S392
NON-KC_MELANOMA,S398
NON-KC_MELANOMA,S399
NON-KC_MELANOMA,S641
NON-KC_MELANOMA,T013
NON-KC_MELANOMA,T313
NON-KC_MELANOMA,T851
NON-KC_MELANOMA,T852
NON-KC_MELANOMA,T853
NON-KC_MELANOMA,T854
NON-KC_MELANOMA,T855
NON-KC_MELANOMA,T856
NON-KC_MELANOMA,T858
NON-KC_MELANOMA,T859
NON-KC_MELANOMA,T911
NON-KC_MELANOMA,T962
NON-KC_MELANOMA,X071
NON-KC_MELANOMA,X072
NON-KC_MELANOMA,X073
NON-KC_MELANOMA,X074
NON-KC_MELANOMA,X075
NON-KC_MELANOMA,X078
NON-KC_MELANOMA,X079
NON-KC_MELANOMA,X081
NON-KC_MELANOMA,X082
NON-KC_MELANOMA,X083
NON-KC_MELANOMA,X084
NON-KC_MELANOMA,X088
NON-KC_MELANOMA,X089
NON-KC_MELANOMA,X091
NON-KC_MELANOMA,X092
NON-KC_MELANOMA,X093
NON-KC_MELANOMA,X094
NON-KC_MELANOMA,X095
NON-KC_MELANOMA,X098
NON-KC_MELANOMA,X099
NON-KC_MELANOMA,X101
NON-KC_MELANOMA,X102
NON-KC_MELANOMA,X103
NON-KC_MELANOMA,X104
NON-KC_MELANOMA,X108
NON-KC_MELANOMA,X109
NON-KC_MELANOMA,X111
NON-KC_MELANOMA,X112
NON-KC_MELANOMA,X118
NON-KC_MELANOMA,X119
NON-KC_MELANOMA,X121
NON-KC_MELANOMA,X122
NON-KC_MELANOMA,X123
NON-KC_MELANOMA,X124
NON-KC_MELANOMA,X125
NON-KC_MELANOMA,X128
NON-KC_MELANOMA,X129
NON-KC_MELANOMA,Y551
NON-KC_MELANOMA,Y552
NON-KC_MELANOMA,Y553
NON-KC_MELANOMA,Y554
NON-KC_MELANOMA,Y555
NON-KC_MELANOMA,Y556
NON-KC_MELANOMA,Y558
NON-KC_MELANOMA,Y559
NON-KC_MELANOMA,Y561
NON-KC_MELANOMA,Y562
NON-KC_MELANOMA,Y563
NON-KC_MELANOMA,Y564
NON-KC_MELANOMA,Y568
NON-KC_MELANOMA,Y569
NON-KC_MELANOMA,Y571
NON-KC_MELANOMA,Y572
NON-KC_MELANOMA,Y573
NON-KC_MELANOMA,Y574
NON-KC_MELANOMA,Y575
NON-KC_MELANOMA,Y576
NON-KC_MELANOMA,Y578
NON-KC_MELANOMA,Y579
NON-KC_MELANOMA,Y581
NON-KC_MELANOMA,Y588
NON-KC_MELANOMA,Y589
NON-KC_MELANOMA,Y591
NON-KC_MELANOMA,Y592
NON-KC_MELANOMA,Y593
NON-KC_MELANOMA,Y594
NON-KC_MELANOMA,Y595
NON-KC_MELANOMA,Y596
NON-KC_MELANOMA,Y598
NON-KC_MELANOMA,Y599
NON-KC_MELANOMA,Y601
NON-KC_MELANOMA,Y602
NON-KC_MELANOMA,Y604
NON-KC_MELANOMA,Y608
NON-KC_MELANOMA,Y609
NON-KC_MELANOMA,Y611
NON-KC_MELANOMA,Y612
NON-KC_MELANOMA,Y613
NON-KC_MELANOMA,Y614
NON-KC_MELANOMA,Y615
NON-KC_MELANOMA,Y618
NON-KC_MELANOMA,Y619
NON-KC_MELANOMA,Y621
NON-KC_MELANOMA,Y622
NON-KC_MELANOMA,Y623
NON-KC_MELANOMA,Y628
NON-KC_MELANOMA,Y629
NON-KC_MELANOMA,Y671
NON-KC_MELANOMA,Y672
NON-KC_MELANOMA,Y678
NON-KC_MELANOMA,Y679
NON-KC_MELANOMA,Y692
NON-KC_RARE,B279
NON-KC_RARE,B283
NON-KC_RARE,B284
NON-KC_RARE,C011
NON-KC_RARE,C012
NON-KC_RARE,C013
NON-KC_RARE,C018
NON-KC_RARE,C019
NON-KC_RARE,C021
NON-KC_RARE,C022
NON-KC_RARE,C028
NON-KC_RARE,C029
NON-KC_RARE,C101
NON-KC_RARE,C102
NON-KC_RARE,C103
NON-KC_RARE,C111
NON-KC_RARE,C115
NON-KC_RARE,C121
NON-KC_RARE,C126
NON-KC_RARE,C141
NON-KC_RARE,C142
NON-KC_RARE,C143
NON-KC_RARE,C144
NON-KC_RARE,C145
NON-KC_RARE,C148
NON-KC_RARE,C149
NON-KC_RARE,C162
NON-KC_RARE,C164
NON-KC_RARE,C168
NON-KC_RARE,C178
NON-KC_RARE,C179
NON-KC_RARE,D011
NON-KC_RARE,D012
NON-KC_RARE,D013
NON-KC_RARE,D018
NON-KC_RARE,D019
NON-KC_RARE,D021
NON-KC_RARE,D028
NON-KC_RARE,D031
NON-KC_RARE,D032
NON-KC_RARE,D063
NON-KC_RARE,D064
NON-KC_RARE,D065
NON-KC_RARE,D191
NON-KC_RARE,E011
NON-KC_RARE,E018
NON-KC_RARE,E019
NON-KC_RARE,E021
NON-KC_RARE,E022
NON-KC_RARE,E023
NON-KC_RARE,E024
NON-KC_RARE,E025
NON-KC_RARE,E026
NON-KC_RARE,E027
NON-KC_RARE,E028
NON-KC_RARE,E029
NON-KC_RARE,E032
NON-KC_RARE,E037
NON-KC_RARE,E091
NON-KC_RARE,E097
NON-KC_RARE,E661
NON-KC_RARE,F011
NON-KC_RARE,F018
NON-KC_RARE,F019
NON-KC_RARE,F021
NON-KC_RARE,F029
NON-KC_RARE,F041
NON-KC_RARE,F042
NON-KC_RARE,F048
NON-KC_RARE,F049
NON-KC_RARE,F052
NON-KC_RARE,F382
NON-KC_RARE,F402
NON-KC_RARE,F441
NON-KC_RARE,F442
NON-KC_RARE,F443
NON-KC_RARE,F444
NON-KC_RARE,F445
NON-KC_RARE,F448
NON-KC_RARE,F449
NON-KC_RARE,F451
NON-KC_RARE,F452
NON-KC_RARE,N011
NON-KC_RARE,N012
NON-KC_RARE,N036
NON-KC_RARE,N052
NON-KC_RARE,N063
NON-KC_RARE,N241
NON-KC_RARE,N243
NON-KC_RARE,N261
NON-KC_RARE,N262
NON-KC_RARE,N268
NON-KC_RARE,N269
NON-KC_RARE,N271
NON-KC_RARE,N287
NON-KC_RARE,N303
NON-KC_RARE,P011
NON-KC_RARE,P031
NON-KC_RARE,P033
NON-KC_RARE,P051
NON-KC_RARE,P052
NON-KC_RARE,P054
NON-KC_RARE,P058
NON-KC_RARE,P059
NON-KC_RARE,P065
NON-KC_RARE,P071
NON-KC_RARE,P078
NON-KC_RARE,P079
NON-KC_RARE,P111
NON-KC_RARE,P137
NON-KC_RARE,P151
NON-KC_RARE,P152
NON-KC_RARE,P201
NON-KC_RARE,S018
NON-KC_RARE,S019
NON-KC_RARE,S028
NON-KC_RARE,S029
NON-KC_RARE,S038
NON-KC_RARE,S039
NON-KC_RARE,S041
NON-KC_RARE,S042
NON-KC_RARE,S043
NON-KC_RARE,S048
NON-KC_RARE,S049
NON-KC_RARE,S051
NON-KC_RARE,S052
NON-KC_RARE,S053
NON-KC_RARE,S054
NON-KC_RARE,S055
NON-KC_RARE,S058
NON-KC_RARE,S059
NON-KC_RARE,S063
NON-KC_RARE,S064
NON-KC_RARE,S065
NON-KC_RARE,S066
NON-KC_RARE,S067
NON-KC_RARE,S068
NON-KC_RARE,S069
NON-KC_RARE,S171
NON-KC_RARE,S172
NON-KC_RARE,S173
NON-KC_RARE,S174
NON-KC_RARE,S175
NON-KC_RARE,S178
NON-KC_RARE,S179
NON-KC_RARE,S181
NON-KC_RARE,S182
NON-KC_RARE,S183
NON-KC_RARE,S184
NON-KC_RARE,S185
NON-KC_RARE,S188
NON-KC_RARE,S189
NON-KC_RARE,S191
NON-KC_RARE,S192
NON-KC_RARE,S198
NON-KC_RARE,S199
NON-KC_RARE,S201
NON-KC_RARE,S202
NON-KC_RARE,S203
NON-KC_RARE,S204
NON-KC_RARE,S205
NON-KC_RARE,S206
NON-KC_RARE,S207
NON-KC_RARE,S208
NON-KC_RARE,S209
NON-KC_RARE,S211
NON-KC_RARE,S212
NON-KC_RARE,S213
NON-KC_RARE,S214
NON-KC_RARE,S218
NON-KC_RARE,S219
NON-KC_RARE,S221
NON-KC_RARE,S222
NON-KC_RARE,S223
NON-KC_RARE,S224
NON-KC_RARE,S228
NON-KC_RARE,S229
NON-KC_RARE,S231
NON-KC_RARE,S232
NON-KC_RARE,S233
NON-KC_RARE,S234
NON-KC_RARE,S238
NON-KC_RARE,S239
NON-KC_RARE,S241
NON-KC_RARE,S242
NON-KC_RARE,S243
NON-KC_RARE,S248
NON-KC_RARE,S249
NON-KC_RARE,S251
NON-KC_RARE,S252
NON-KC_RARE,S253
NON-KC_RARE,S258
NON-KC_RARE,S259
NON-KC_RARE,S261
NON-KC_RARE,S262
NON-KC_RARE,S263
NON-KC_RARE,S264
NON-KC_RARE,S265
NON-KC_RARE,S268
NON-KC_RARE,S269
NON-KC_RARE,S271
NON-KC_RARE,S272
NON-KC_RARE,S273
NON-KC_RARE,S274
NON-KC_RARE,S275
NON-KC_RARE,S278
NON-KC_RARE,S279
NON-KC_RARE,S291
NON-KC_RARE,S292
NON-KC_RARE,S293
NON-KC_RARE,S294
NON-KC_RARE,S295
NON-KC_RARE,S298
NON-KC_RARE,S299
NON-KC_RARE,S302
NON-KC_RARE,S304
NON-KC_RARE,S314
NON-KC_RARE,S321
NON-KC_RARE,S322
NON-KC_RARE,S323
NON-KC_RARE,S324
NON-KC_RARE,S325
NON-KC_RARE,S328
NON-KC_RARE,S329
NON-KC_RARE,S338
NON-KC_RARE,S339
NON-KC_RARE,S341
NON-KC_RARE,S348
NON-KC_RARE,S349
NON-KC_RARE,S351
NON-KC_RARE,S352
NON-KC_RARE,S353
NON-KC_RARE,S358
NON-KC_RARE,S359
NON-KC_RARE,S361
NON-KC_RARE,S362
NON-KC_RARE,S363
NON-KC_RARE,S364
NON-KC_RARE,S365
NON-KC_RARE,S366
NON-KC_RARE,S368
NON-KC_RARE,S369
NON-KC_RARE,S371
NON-KC_RARE,S372
NON-KC_RARE,S373
NON-KC_RARE,S374
NON-KC_RARE,S378
NON-KC_RARE,S379
NON-KC_RARE,S391
NON-KC_RARE,S392
NON-KC_RARE,S398
NON-KC_RARE,S399
NON-KC_RARE,S641
NON-KC_RARE,T013
NON-KC_RARE,T313
NON-KC_RARE,T851
NON-KC_RARE,T852
NON-KC_RARE,T853
NON-KC_RARE,T854
NON-KC_RARE,T855
NON-KC_RARE,T856
NON-KC_RARE,T858
NON-KC_RARE,T859
NON-KC_RARE,T911
NON-KC_RARE,T962
NON-KC_RARE,X071
NON-KC_RARE,X072
NON-KC_RARE,X073
NON-KC_RARE,X074
NON-KC_RARE,X075
NON-KC_RARE,X078
NON-KC_RARE,X079
NON-KC_RARE,X081
NON-KC_RARE,X082
NON-KC_RARE,X083
NON-KC_RARE,X084
NON-KC_RARE,X088
NON-KC_RARE,X089
NON-KC_RARE,X091
NON-KC_RARE,X092
NON-KC_RARE,X093
NON-KC_RARE,X094
NON-KC_RARE,X095
NON-KC_RARE,X098
NON-KC_RARE,X099
NON-KC_RARE,X101
NON-KC_RARE,X102
NON-KC_RARE,X103
NON-KC_RARE,X104
NON-KC_RARE,X108
NON-KC_RARE,X109
NON-KC_RARE,X111
NON-KC_RARE,X112
NON-KC_RARE,X118
NON-KC_RARE,X119
NON-KC_RARE,X121
NON-KC_RARE,X122
NON-KC_RARE,X123
NON-KC_RARE,X124
NON-KC_RARE,X125
NON-KC_RARE,X128
NON-KC_RARE,X129
NON-KC_RARE,Y551
NON-KC_RARE,Y552
NON-KC_RARE,Y553
NON-KC_RARE,Y554
NON-KC_RARE,Y555
NON-KC_RARE,Y556
NON-KC_RARE,Y558
NON-KC_RARE,Y559
NON-KC_RARE,Y561
NON-KC_RARE,Y562
NON-KC_RARE,Y563
NON-KC_RARE,Y564
NON-KC_RARE,Y568
NON-KC_RARE,Y569
NON-KC_RARE,Y571
NON-KC_RARE,Y572
NON-KC_RARE,Y573
NON-KC_RARE,Y574
NON-KC_RARE,Y575
NON-KC_RARE,Y576
NON-KC_RARE,Y578
NON-KC_RARE,Y579
NON-KC_RARE,Y581
NON-KC_RARE,Y588
NON-KC_RARE,Y589
NON-KC_RARE,Y591
NON-KC_RARE,Y592
NON-KC_RARE,Y593
NON-KC_RARE,Y594
NON-KC_RARE,Y595
NON-KC_RARE,Y596
NON-KC_RARE,Y598
NON-KC_RARE,Y599
NON-KC_RARE,Y601
NON-KC_RARE,Y602
NON-KC_RARE,Y604
NON-KC_RARE,Y608
NON-KC_RARE,Y609
NON-KC_RARE,Y611
NON-KC_RARE,Y612
NON-KC_RARE,Y613
NON-KC_RARE,Y614
NON-KC_RARE,Y615
NON-KC_RARE,Y618
NON-KC_RARE,Y619
NON-KC_RARE,Y621
NON-KC_RARE,Y622
NON-KC_RARE,Y623
NON-KC_RARE,Y628
NON-KC_RARE,Y629
NON-KC_RARE,Y671
NON-KC_RARE,Y672
NON-KC_RARE,Y678
NON-KC_RARE,Y679
NON-KC_RARE,Y692
NON-KC_MELANOMA_INSITU,B279
NON-KC_MELANOMA_INSITU,B283
NON-KC_MELANOMA_INSITU,B284
NON-KC_MELANOMA_INSITU,C011
NON-KC_MELANOMA_INSITU,C012
NON-KC_MELANOMA_INSITU,C013
NON-KC_MELANOMA_INSITU,C018
NON-KC_MELANOMA_INSITU,C019
NON-KC_MELANOMA_INSITU,C021
NON-KC_MELANOMA_INSITU,C022
NON-KC_MELANOMA_INSITU,C028
NON-KC_MELANOMA_INSITU,C029
NON-KC_MELANOMA_INSITU,C101
NON-KC_MELANOMA_INSITU,C102
NON-KC_MELANOMA_INSITU,C103
NON-KC_MELANOMA_INSITU,C111
NON-KC_MELANOMA_INSITU,C115
NON-KC_MELANOMA_INSITU,C121
NON-KC_MELANOMA_INSITU,C126
NON-KC_MELANOMA_INSITU,C141
NON-KC_MELANOMA_INSITU,C142
NON-KC_MELANOMA_INSITU,C143
NON-KC_MELANOMA_INSITU,C144
NON-KC_MELANOMA_INSITU,C145
NON-KC_MELANOMA_INSITU,C148
NON-KC_MELANOMA_INSITU,C149
NON-KC_MELANOMA_INSITU,C162
NON-KC_MELANOMA_INSITU,C164
NON-KC_MELANOMA_INSITU,C168
NON-KC_MELANOMA_INSITU,C178
NON-KC_MELANOMA_INSITU,C179
NON-KC_MELANOMA_INSITU,D011
NON-KC_MELANOMA_INSITU,D012
NON-KC_MELANOMA_INSITU,D013
NON-KC_MELANOMA_INSITU,D018
NON-KC_MELANOMA_INSITU,D019
NON-KC_MELANOMA_INSITU,D021
NON-KC_MELANOMA_INSITU,D028
NON-KC_MELANOMA_INSITU,D031
NON-KC_MELANOMA_INSITU,D032
NON-KC_MELANOMA_INSITU,D063
NON-KC_MELANOMA_INSITU,D064
NON-KC_MELANOMA_INSITU,D065
NON-KC_MELANOMA_INSITU,D191
NON-KC_MELANOMA_INSITU,E011
NON-KC_MELANOMA_INSITU,E018
NON-KC_MELANOMA_INSITU,E019
NON-KC_MELANOMA_INSITU,E021
NON-KC_MELANOMA_INSITU,E022
NON-KC_MELANOMA_INSITU,E023
NON-KC_MELANOMA_INSITU,E024
NON-KC_MELANOMA_INSITU,E025
NON-KC_MELANOMA_INSITU,E026
NON-KC_MELANOMA_INSITU,E027
NON-KC_MELANOMA_INSITU,E028
NON-KC_MELANOMA_INSITU,E029
NON-KC_MELANOMA_INSITU,E032
NON-KC_MELANOMA_INSITU,E037
NON-KC_MELANOMA_INSITU,E091
NON-KC_MELANOMA_INSITU,E097
NON-KC_MELANOMA_INSITU,E661
NON-KC_MELANOMA_INSITU,F011
NON-KC_MELANOMA_INSITU,F018
NON-KC_MELANOMA_INSITU,F019
NON-KC_MELANOMA_INSITU,F021
NON-KC_MELANOMA_INSITU,F029
NON-KC_MELANOMA_INSITU,F041
NON-KC_MELANOMA_INSITU,F042
NON-KC_MELANOMA_INSITU,F048
NON-KC_MELANOMA_INSITU,F049
NON-KC_MELANOMA_INSITU,F052
NON-KC_MELANOMA_INSITU,F382
NON-KC_MELANOMA_INSITU,F402
NON-KC_MELANOMA_INSITU,F441
NON-KC_MELANOMA_INSITU,F442
NON-KC_MELANOMA_INSITU,F443
NON-KC_MELANOMA_INSITU,F444
NON-KC_MELANOMA_INSITU,F445
NON-KC_MELANOMA_INSITU,F448
NON-KC_MELANOMA_INSITU,F449
NON-KC_MELANOMA_INSITU,F451
NON-KC_MELANOMA_INSITU,F452
NON-KC_MELANOMA_INSITU,N011
NON-KC_MELANOMA_INSITU,N012
NON-KC_MELANOMA_INSITU,N036
NON-KC_MELANOMA_INSITU,N052
NON-KC_MELANOMA_INSITU,N063
NON-KC_MELANOMA_INSITU,N241
NON-KC_MELANOMA_INSITU,N243
NON-KC_MELANOMA_INSITU,N261
NON-KC_MELANOMA_INSITU,N262
NON-KC_MELANOMA_INSITU,N268
NON-KC_MELANOMA_INSITU,N269
NON-KC_MELANOMA_INSITU,N271
NON-KC_MELANOMA_INSITU,N287
NON-KC_MELANOMA_INSITU,N303
NON-KC_MELANOMA_INSITU,P011
NON-KC_MELANOMA_INSITU,P031
NON-KC_MELANOMA_INSITU,P033
NON-KC_MELANOMA_INSITU,P051
NON-KC_MELANOMA_INSITU,P052
NON-KC_MELANOMA_INSITU,P054
NON-KC_MELANOMA_INSITU,P058
NON-KC_MELANOMA_INSITU,P059
NON-KC_MELANOMA_INSITU,P065
NON-KC_MELANOMA_INSITU,P071
NON-KC_MELANOMA_INSITU,P078
NON-KC_MELANOMA_INSITU,P079
NON-KC_MELANOMA_INSITU,P111
NON-KC_MELANOMA_INSITU,P137
NON-KC_MELANOMA_INSITU,P151
NON-KC_MELANOMA_INSITU,P152
NON-KC_MELANOMA_INSITU,P201
NON-KC_MELANOMA_INSITU,S018
NON-KC_MELANOMA_INSITU,S019
NON-KC_MELANOMA_INSITU,S028
NON-KC_MELANOMA_INSITU,S029
NON-KC_MELANOMA_INSITU,S038
NON-KC_MELANOMA_INSITU,S039
NON-KC_MELANOMA_INSITU,S041
NON-KC_MELANOMA_INSITU,S042
NON-KC_MELANOMA_INSITU,S043
NON-KC_MELANOMA_INSITU,S048
NON-KC_MELANOMA_INSITU,S049
NON-KC_MELANOMA_INSITU,S051
NON-KC_MELANOMA_INSITU,S052
NON-KC_MELANOMA_INSITU,S053
NON-KC_MELANOMA_INSITU,S054
NON-KC_MELANOMA_INSITU,S055
NON-KC_MELANOMA_INSITU,S058
NON-KC_MELANOMA_INSITU,S059
NON-KC_MELANOMA_INSITU,S063
NON-KC_MELANOMA_INSITU,S064
NON-KC_MELANOMA_INSITU,S065
NON-KC_MELANOMA_INSITU,S066
NON-KC_MELANOMA_INSITU,S067
NON-KC_MELANOMA_INSITU,S068
NON-KC_MELANOMA_INSITU,S069
NON-KC_MELANOMA_INSITU,S171
NON-KC_MELANOMA_INSITU,S172
NON-KC_MELANOMA_INSITU,S173
NON-KC_MELANOMA_INSITU,S174
NON-KC_MELANOMA_INSITU,S175
NON-KC_MELANOMA_INSITU,S178
NON-KC_MELANOMA_INSITU,S179
NON-KC_MELANOMA_INSITU,S181
NON-KC_MELANOMA_INSITU,S182
NON-KC_MELANOMA_INSITU,S183
NON-KC_MELANOMA_INSITU,S184
NON-KC_MELANOMA_INSITU,S185
NON-KC_MELANOMA_INSITU,S188
NON-KC_MELANOMA_INSITU,S189
NON-KC_MELANOMA_INSITU,S191
NON-KC_MELANOMA_INSITU,S192
NON-KC_MELANOMA_INSITU,S198
NON-KC_MELANOMA_INSITU,S199
NON-KC_MELANOMA_INSITU,S201
NON-KC_MELANOMA_INSITU,S202
NON-KC_MELANOMA_INSITU,S203
NON-KC_MELANOMA_INSITU,S204
NON-KC_MELANOMA_INSITU,S205
NON-KC_MELANOMA_INSITU,S206
NON-KC_MELANOMA_INSITU,S207
NON-KC_MELANOMA_INSITU,S208
NON-KC_MELANOMA_INSITU,S209
NON-KC_MELANOMA_INSITU,S211
NON-KC_MELANOMA_INSITU,S212
NON-KC_MELANOMA_INSITU,S213
NON-KC_MELANOMA_INSITU,S214
NON-KC_MELANOMA_INSITU,S218
NON-KC_MELANOMA_INSITU,S219
NON-KC_MELANOMA_INSITU,S221
NON-KC_MELANOMA_INSITU,S222
NON-KC_MELANOMA_INSITU,S223
NON-KC_MELANOMA_INSITU,S224
NON-KC_MELANOMA_INSITU,S228
NON-KC_MELANOMA_INSITU,S229
NON-KC_MELANOMA_INSITU,S231
NON-KC_MELANOMA_INSITU,S232
NON-KC_MELANOMA_INSITU,S233
NON-KC_MELANOMA_INSITU,S234
NON-KC_MELANOMA_INSITU,S238
NON-KC_MELANOMA_INSITU,S239
NON-KC_MELANOMA_INSITU,S241
NON-KC_MELANOMA_INSITU,S242
NON-KC_MELANOMA_INSITU,S243
NON-KC_MELANOMA_INSITU,S248
NON-KC_MELANOMA_INSITU,S249
NON-KC_MELANOMA_INSITU,S251
NON-KC_MELANOMA_INSITU,S252
NON-KC_MELANOMA_INSITU,S253
NON-KC_MELANOMA_INSITU,S258
NON-KC_MELANOMA_INSITU,S259
NON-KC_MELANOMA_INSITU,S261
NON-KC_MELANOMA_INSITU,S262
NON-KC_MELANOMA_INSITU,S263
NON-KC_MELANOMA_INSITU,S264
NON-KC_MELANOMA_INSITU,S265
NON-KC_MELANOMA_INSITU,S268
NON-KC_MELANOMA_INSITU,S269
NON-KC_MELANOMA_INSITU,S271
NON-KC_MELANOMA_INSITU,S272
NON-KC_MELANOMA_INSITU,S273
NON-KC_MELANOMA_INSITU,S274
NON-KC_MELANOMA_INSITU,S275
NON-KC_MELANOMA_INSITU,S278
NON-KC_MELANOMA_INSITU,S279
NON-KC_MELANOMA_INSITU,S291
NON-KC_MELANOMA_INSITU,S292
NON-KC_MELANOMA_INSITU,S293
NON-KC_MELANOMA_INSITU,S294
NON-KC_MELANOMA_INSITU,S295
NON-KC_MELANOMA_INSITU,S298
NON-KC_MELANOMA_INSITU,S299
NON-KC_MELANOMA_INSITU,S302
NON-KC_MELANOMA_INSITU,S304
NON-KC_MELANOMA_INSITU,S314
NON-KC_MELANOMA_INSITU,S321
NON-KC_MELANOMA_INSITU,S322
NON-KC_MELANOMA_INSITU,S323
NON-KC_MELANOMA_INSITU,S324
NON-KC_MELANOMA_INSITU,S325
NON-KC_MELANOMA_INSITU,S328
NON-KC_MELANOMA_INSITU,S329
NON-KC_MELANOMA_INSITU,S338
NON-KC_MELANOMA_INSITU,S339
NON-KC_MELANOMA_INSITU,S341
NON-KC_MELANOMA_INSITU,S348
NON-KC_MELANOMA_INSITU,S349
NON-KC_MELANOMA_INSITU,S351
NON-KC_MELANOMA_INSITU,S352
NON-KC_MELANOMA_INSITU,S353
NON-KC_MELANOMA_INSITU,S358
NON-KC_MELANOMA_INSITU,S359
NON-KC_MELANOMA_INSITU,S361
NON-KC_MELANOMA_INSITU,S362
NON-KC_MELANOMA_INSITU,S363
NON-KC_MELANOMA_INSITU,S364
NON-KC_MELANOMA_INSITU,S365
NON-KC_MELANOMA_INSITU,S366
NON-KC_MELANOMA_INSITU,S368
NON-KC_MELANOMA_INSITU,S369
NON-KC_MELANOMA_INSITU,S371
NON-KC_MELANOMA_INSITU,S372
NON-KC_MELANOMA_INSITU,S373
NON-KC_MELANOMA_INSITU,S374
NON-KC_MELANOMA_INSITU,S378
NON-KC_MELANOMA_INSITU,S379
NON-KC_MELANOMA_INSITU,S391
NON-KC_MELANOMA_INSITU,S392
NON-KC_MELANOMA_INSITU,S398
NON-KC_MELANOMA_INSITU,S399
NON-KC_MELANOMA_INSITU,S641
NON-KC_MELANOMA_INSITU,T013
NON-KC_MELANOMA_INSITU,T313
NON-KC_MELANOMA_INSITU,T851
NON-KC_MELANOMA_INSITU,T852
NON-KC_MELANOMA_INSITU,T853
NON-KC_MELANOMA_INSITU,T854
NON-KC_MELANOMA_INSITU,T855
NON-KC_MELANOMA_INSITU,T856
NON-KC_MELANOMA_INSITU,T858
NON-KC_MELANOMA_INSITU,T859
NON-KC_MELANOMA_INSITU,T911
NON-KC_MELANOMA_INSITU,T962
NON-KC_MELANOMA_INSITU,X071
NON-KC_MELANOMA_INSITU,X072
NON-KC_MELANOMA_INSITU,X073
NON-KC_MELANOMA_INSITU,X074
NON-KC_MELANOMA_INSITU,X075
NON-KC_MELANOMA_INSITU,X078
NON-KC_MELANOMA_INSITU,X079
NON-KC_MELANOMA_INSITU,X081
NON-KC_MELANOMA_INSITU,X082
NON-KC_MELANOMA_INSITU,X083
NON-KC_MELANOMA_INSITU,X084
NON-KC_MELANOMA_INSITU,X088
NON-KC_MELANOMA_INSITU,X089
NON-KC_MELANOMA_INSITU,X091
NON-KC_MELANOMA_INSITU,X092
NON-KC_MELANOMA_INSITU,X093
NON-KC_MELANOMA_INSITU,X094
NON-KC_MELANOMA_INSITU,X095
NON-KC_MELANOMA_INSITU,X098
NON-KC_MELANOMA_INSITU,X099
NON-KC_MELANOMA_INSITU,X101
NON-KC_MELANOMA_INSITU,X102
NON-KC_MELANOMA_INSITU,X103
NON-KC_MELANOMA_INSITU,X104
NON-KC_MELANOMA_INSITU,X108
NON-KC_MELANOMA_INSITU,X109
NON-KC_MELANOMA_INSITU,X111
NON-KC_MELANOMA_INSITU,X112
NON-KC_MELANOMA_INSITU,X118
NON-KC_MELANOMA_INSITU,X119
NON-KC_MELANOMA_INSITU,X121
NON-KC_MELANOMA_INSITU,X122
NON-KC_MELANOMA_INSITU,X123
NON-KC_MELANOMA_INSITU,X124
NON-KC_MELANOMA_INSITU,X125
NON-KC_MELANOMA_INSITU,X128
NON-KC_MELANOMA_INSITU,X129
NON-KC_MELANOMA_INSITU,Y551
NON-KC_MELANOMA_INSITU,Y552
NON-KC_MELANOMA_INSITU,Y553
NON-KC_MELANOMA_INSITU,Y554
NON-KC_MELANOMA_INSITU,Y555
NON-KC_MELANOMA_INSITU,Y556
NON-KC_MELANOMA_INSITU,Y558
NON-KC_MELANOMA_INSITU,Y559
NON-KC_MELANOMA_INSITU,Y561
NON-KC_MELANOMA_INSITU,Y562
NON-KC_MELANOMA_INSITU,Y563
NON-KC_MELANOMA_INSITU,Y564
NON-KC_MELANOMA_INSITU,Y568
NON-KC_MELANOMA_INSITU,Y569
NON-KC_MELANOMA_INSITU,Y571
NON-KC_MELANOMA_INSITU,Y572
NON-KC_MELANOMA_INSITU,Y573
NON-KC_MELANOMA_INSITU,Y574
NON-KC_MELANOMA_INSITU,Y575
NON-KC_MELANOMA_INSITU,Y576
NON-KC_MELANOMA_INSITU,Y578
NON-KC_MELANOMA_INSITU,Y579
NON-KC_MELANOMA_INSITU,Y581
NON-KC_MELANOMA_INSITU,Y588
NON-KC_MELANOMA_INSITU,Y589
NON-KC_MELANOMA_INSITU,Y591
NON-KC_MELANOMA_INSITU,Y592
NON-KC_MELANOMA_INSITU,Y593
NON-KC_MELANOMA_INSITU,Y594
NON-KC_MELANOMA_INSITU,Y595
NON-KC_MELANOMA_INSITU,Y596
NON-KC_MELANOMA_INSITU,Y598
NON-KC_MELANOMA_INSITU,Y599
NON-KC_MELANOMA_INSITU,Y601
NON-KC_MELANOMA_INSITU,Y602
NON-KC_MELANOMA_INSITU,Y604
NON-KC_MELANOMA_INSITU,Y608
NON-KC_MELANOMA_INSITU,Y609
NON-KC_MELANOMA_INSITU,Y611
NON-KC_MELANOMA_INSITU,Y612
NON-KC_MELANOMA_INSITU,Y613
NON-KC_MELANOMA_INSITU,Y614
NON-KC_MELANOMA_INSITU,Y615
NON-KC_MELANOMA_INSITU,Y618
NON-KC_MELANOMA_INSITU,Y619
NON-KC_MELANOMA_INSITU,Y621
NON-KC_MELANOMA_INSITU,Y622
NON-KC_MELANOMA_INSITU,Y623
NON-KC_MELANOMA_INSITU,Y628
NON-KC_MELANOMA_INSITU,Y629
NON-KC_MELANOMA_INSITU,Y671
NON-KC_MELANOMA_INSITU,Y672
NON-KC_MELANOMA_INSITU,Y678
NON-KC_MELANOMA_INSITU,Y679
NON-KC_MELANOMA_INSITU,Y692
NON-KC_EMPD,B279
NON-KC_EMPD,B283
NON-KC_EMPD,B284
NON-KC_EMPD,C011
NON-KC_EMPD,C012
NON-KC_EMPD,C013
NON-KC_EMPD,C018
NON-KC_EMPD,C019
NON-KC_EMPD,C021
NON-KC_EMPD,C022
NON-KC_EMPD,C028
NON-KC_EMPD,C029
NON-KC_EMPD,C101
NON-KC_EMPD,C102
NON-KC_EMPD,C103
NON-KC_EMPD,C111
NON-KC_EMPD,C115
NON-KC_EMPD,C121
NON-KC_EMPD,C124
NON-KC_EMPD,C126
NON-KC_EMPD,C141
NON-KC_EMPD,C142
NON-KC_EMPD,C143
NON-KC_EMPD,C144
NON-KC_EMPD,C145
NON-KC_EMPD,C148
NON-KC_EMPD,C149
NON-KC_EMPD,C162
NON-KC_EMPD,C164
NON-KC_EMPD,C168
NON-KC_EMPD,C178
NON-KC_EMPD,C179
NON-KC_EMPD,D011
NON-KC_EMPD,D012
NON-KC_EMPD,D013
NON-KC_EMPD,D018
NON-KC_EMPD,D019
NON-KC_EMPD,D021
NON-KC_EMPD,D028
NON-KC_EMPD,D031
NON-KC_EMPD,D032
NON-KC_EMPD,D063
NON-KC_EMPD,D064
NON-KC_EMPD,D065
NON-KC_EMPD,D191
NON-KC_EMPD,E011
NON-KC_EMPD,E018
NON-KC_EMPD,E019
NON-KC_EMPD,E021
NON-KC_EMPD,E022
NON-KC_EMPD,E023
NON-KC_EMPD,E024
NON-KC_EMPD,E025
NON-KC_EMPD,E026
NON-KC_EMPD,E027
NON-KC_EMPD,E028
NON-KC_EMPD,E029
NON-KC_EMPD,E032
NON-KC_EMPD,E037
NON-KC_EMPD,E091
NON-KC_EMPD,E094
NON-KC_EMPD,E097
NON-KC_EMPD,E661
NON-KC_EMPD,F011
NON-KC_EMPD,F018
NON-KC_EMPD,F019
NON-KC_EMPD,F021
NON-KC_EMPD,F029
NON-KC_EMPD,F041
NON-KC_EMPD,F042
NON-KC_EMPD,F048
NON-KC_EMPD,F049
NON-KC_EMPD,F052
NON-KC_EMPD,F382
NON-KC_EMPD,F402
NON-KC_EMPD,F441
NON-KC_EMPD,F442
NON-KC_EMPD,F443
NON-KC_EMPD,F444
NON-KC_EMPD,F445
NON-KC_EMPD,F448
NON-KC_EMPD,F449
NON-KC_EMPD,F451
NON-KC_EMPD,F452
NON-KC_EMPD,N011
NON-KC_EMPD,N012
NON-KC_EMPD,N036
NON-KC_EMPD,N052
NON-KC_EMPD,N063
NON-KC_EMPD,N241
NON-KC_EMPD,N243
NON-KC_EMPD,N261
NON-KC_EMPD,N262
NON-KC_EMPD,N268
NON-KC_EMPD,N269
NON-KC_EMPD,N271
NON-KC_EMPD,N287
NON-KC_EMPD,N303
NON-KC_EMPD,P011
NON-KC_EMPD,P031
NON-KC_EMPD,P033
NON-KC_EMPD,P051
NON-KC_EMPD,P052
NON-KC_EMPD,P054
NON-KC_EMPD,P058
NON-KC_EMPD,P059
NON-KC_EMPD,P065
NON-KC_EMPD,P071
NON-KC_EMPD,P078
NON-KC_EMPD,P079
NON-KC_EMPD,P111
NON-KC_EMPD,P137
NON-KC_EMPD,P151
NON-KC_EMPD,P152
NON-KC_EMPD,P201
NON-KC_EMPD,S018
NON-KC_EMPD,S019
NON-KC_EMPD,S028
NON-KC_EMPD,S029
NON-KC_EMPD,S038
NON-KC_EMPD,S039
NON-KC_EMPD,S041
NON-KC_EMPD,S042
NON-KC_EMPD,S043
NON-KC_EMPD,S048
NON-KC_EMPD,S049
NON-KC_EMPD,S051
NON-KC_EMPD,S052
NON-KC_EMPD,S053
NON-KC_EMPD,S054
NON-KC_EMPD,S055
NON-KC_EMPD,S058
NON-KC_EMPD,S059
NON-KC_EMPD,S063
NON-KC_EMPD,S064
NON-KC_EMPD,S065
NON-KC_EMPD,S066
NON-KC_EMPD,S067
NON-KC_EMPD,S068
NON-KC_EMPD,S069
NON-KC_EMPD,S081
NON-KC_EMPD,S082
NON-KC_EMPD,S083
NON-KC_EMPD,S088
NON-KC_EMPD,S089
NON-KC_EMPD,S143
NON-KC_EMPD,S144
NON-KC_EMPD,S171
NON-KC_EMPD,S172
NON-KC_EMPD,S173
NON-KC_EMPD,S174
NON-KC_EMPD,S175
NON-KC_EMPD,S178
NON-KC_EMPD,S179
NON-KC_EMPD,S181
NON-KC_EMPD,S182
NON-KC_EMPD,S183
NON-KC_EMPD,S184
NON-KC_EMPD,S185
NON-KC_EMPD,S188
NON-KC_EMPD,S189
NON-KC_EMPD,S191
NON-KC_EMPD,S192
NON-KC_EMPD,S198
NON-KC_EMPD,S199
NON-KC_EMPD,S201
NON-KC_EMPD,S202
NON-KC_EMPD,S203
NON-KC_EMPD,S204
NON-KC_EMPD,S205
NON-KC_EMPD,S206
NON-KC_EMPD,S207
NON-KC_EMPD,S208
NON-KC_EMPD,S209
NON-KC_EMPD,S211
NON-KC_EMPD,S212
NON-KC_EMPD,S213
NON-KC_EMPD,S214
NON-KC_EMPD,S218
NON-KC_EMPD,S219
NON-KC_EMPD,S221
NON-KC_EMPD,S222
NON-KC_EMPD,S223
NON-KC_EMPD,S224
NON-KC_EMPD,S228
NON-KC_EMPD,S229
NON-KC_EMPD,S231
NON-KC_EMPD,S232
NON-KC_EMPD,S233
NON-KC_EMPD,S234
NON-KC_EMPD,S238
NON-KC_EMPD,S239
NON-KC_EMPD,S241
NON-KC_EMPD,S242
NON-KC_EMPD,S243
NON-KC_EMPD,S248
NON-KC_EMPD,S249
NON-KC_EMPD,S251
NON-KC_EMPD,S252
NON-KC_EMPD,S253
NON-KC_EMPD,S258
NON-KC_EMPD,S259
NON-KC_EMPD,S261
NON-KC_EMPD,S262
NON-KC_EMPD,S263
NON-KC_EMPD,S264
NON-KC_EMPD,S265
NON-KC_EMPD,S268
NON-KC_EMPD,S269
NON-KC_EMPD,S271
NON-KC_EMPD,S272
NON-KC_EMPD,S273
NON-KC_EMPD,S274
NON-KC_EMPD,S275
NON-KC_EMPD,S278
NON-KC_EMPD,S279
NON-KC_EMPD,S291
NON-KC_EMPD,S292
NON-KC_EMPD,S293
NON-KC_EMPD,S294
NON-KC_EMPD,S295
NON-KC_EMPD,S298
NON-KC_EMPD,S299
NON-KC_EMPD,S302
NON-KC_EMPD,S304
NON-KC_EMPD,S314
NON-KC_EMPD,S321
NON-KC_EMPD,S322
NON-KC_EMPD,S323
NON-KC_EMPD,S324
NON-KC_EMPD,S325
NON-KC_EMPD,S328
NON-KC_EMPD,S329
NON-KC_EMPD,S338
NON-KC_EMPD,S339
NON-KC_EMPD,S341
NON-KC_EMPD,S348
NON-KC_EMPD,S349
NON-KC_EMPD,S351
NON-KC_EMPD,S352
NON-KC_EMPD,S353
NON-KC_EMPD,S358
NON-KC_EMPD,S359
NON-KC_EMPD,S361
NON-KC_EMPD,S362
NON-KC_EMPD,S363
NON-KC_EMPD,S364
NON-KC_EMPD,S365
NON-KC_EMPD,S366
NON-KC_EMPD,S368
NON-KC_EMPD,S369
NON-KC_EMPD,S371
NON-KC_EMPD,S372
NON-KC_EMPD,S373
NON-KC_EMPD,S374
NON-KC_EMPD,S378
NON-KC_EMPD,S379
NON-KC_EMPD,S391
NON-KC_EMPD,S392
NON-KC_EMPD,S398
NON-KC_EMPD,S399
NON-KC_EMPD,S641
NON-KC_EMPD,T013
NON-KC_EMPD,T313
NON-KC_EMPD,T851
NON-KC_EMPD,T852
NON-KC_EMPD,T853
NON-KC_EMPD,T854
NON-KC_EMPD,T855
NON-KC_EMPD,T856
NON-KC_EMPD,T858
NON-KC_EMPD,T859
NON-KC_EMPD,T911
NON-KC_EMPD,T962
NON-KC_EMPD,X071
NON-KC_EMPD,X072
NON-KC_EMPD,X073
NON-KC_EMPD,X074
NON-KC_EMPD,X075
NON-KC_EMPD,X078
NON-KC_EMPD,X079
NON-KC_EMPD,X081
NON-KC_EMPD,X082
NON-KC_EMPD,X083
NON-KC_EMPD,X084
NON-KC_EMPD,X088
NON-KC_EMPD,X089
NON-KC_EMPD,X091
NON-KC_EMPD,X092
NON-KC_EMPD,X093
NON-KC_EMPD,X094
NON-KC_EMPD,X095
NON-KC_EMPD,X098
NON-KC_EMPD,X099
NON-KC_EMPD,X101
NON-KC_EMPD,X102
NON-KC_EMPD,X103
NON-KC_EMPD,X104
NON-KC_EMPD,X108
NON-KC_EMPD,X109
NON-KC_EMPD,X111
NON-KC_EMPD,X112
NON-KC_EMPD,X118
NON-KC_EMPD,X119
NON-KC_EMPD,X121
NON-KC_EMPD,X122
NON-KC_EMPD,X123
NON-KC_EMPD,X124
NON-KC_EMPD,X125
NON-KC_EMPD,X128
NON-KC_EMPD,X129
NON-KC_EMPD,Y551
NON-KC_EMPD,Y552
NON-KC_EMPD,Y553
NON-KC_EMPD,Y554
NON-KC_EMPD,Y555
NON-KC_EMPD,Y556
NON-KC_EMPD,Y558
NON-KC_EMPD,Y559
NON-KC_EMPD,Y561
NON-KC_EMPD,Y562
NON-KC_EMPD,Y563
NON-KC_EMPD,Y564
NON-KC_EMPD,Y568
NON-KC_EMPD,Y569
NON-KC_EMPD,Y571
NON-KC_EMPD,Y572
NON-KC_EMPD,Y573
NON-KC_EMPD,Y574
NON-KC_EMPD,Y575
NON-KC_EMPD,Y576
NON-KC_EMPD,Y578
NON-KC_EMPD,Y579
NON-KC_EMPD,Y581
NON-KC_EMPD,Y588
NON-KC_EMPD,Y589
NON-KC_EMPD,Y591
NON-KC_EMPD,Y592
NON-KC_EMPD,Y593
NON-KC_EMPD,Y594
NON-KC_EMPD,Y595
NON-KC_EMPD,Y596
NON-KC_EMPD,Y598
NON-KC_EMPD,Y599
NON-KC_EMPD,Y601
NON-KC_EMPD,Y602
NON-KC_EMPD,Y604
NON-KC_EMPD,Y608
NON-KC_EMPD,Y609
NON-KC_EMPD,Y611
NON-KC_EMPD,Y612
NON-KC_EMPD,Y613
NON-KC_EMPD,Y614
NON-KC_EMPD,Y615
NON-KC_EMPD,Y618
NON-KC_EMPD,Y619
NON-KC_EMPD,Y621
NON-KC_EMPD,Y622
NON-KC_EMPD,Y623
NON-KC_EMPD,Y628
NON-KC_EMPD,Y629
NON-KC_EMPD,Y671
NON-KC_EMPD,Y672
NON-KC_EMPD,Y678
NON-KC_EMPD,Y679
NON-KC_EMPD,Y692
